Identical Matches,Hittite_Word,Linear A word,Source
p,apa,PI,HT32
p,apa,PU[,MI 2
p,apa,]PA,KH 91
s,as,SA,HT27b
s,as,SI,HT27b
s,as,SI,HT30
s,as,SI,Wa 1175-1266
s,as,SI4,ZA009
s,as,]SI,PK ZA 10
y,ay,YA[,SY ZA 1
y,ay,[]YA[,KH 90
y,ay,]YA,KN ZA 18
sk,iski,SIKA,Wa 1014-1018
sk,iski,SUKI,HT49a
kns,kanes,KUNISI,HT86a
kns,kanes,KUNISI,HT86b
kns,kanes,KUNISU,HT10A
kns,kanes,KUNISU,HT95a
kns,kanes,KUNISU,HT95b
kn,kani,KANA,HT23A
krs,kursa,KIRASI,TY3b
kw,kuwa,KUWA,HT38
mn,man,]MINA[,KH 79 + 89
mz,maz,MAZA5,ZA010b
mz,maz,MAZU,HT102
mz,maz,MEZA,HT10A
mm,mema,MAMA,PH3a
nt,nata,NATI,HT97a
nt,nata,NATU,HT47a
nt,nata,NUTE,HT154Ja
nt,nata,NUTI1,ZA009
nt,nata,]NITA[,ARKJ004a
nw,newa,NUWI,HT115b
pd,peda,PADE,HT122a
pd,peda,PADE,HT9A
pd,peda,PADE,HT9B
pd,peda,PUDE,KH 88
prn,peran,PARANE,HT115a
prn,peran,PARANE,HT115b
pr,peri,PARA,HT128a
pr,peri,PARA,PH3a
pr,peri,PARE,HT 4
pr,peri,PURA,HT116a
pr,peri,PURE,PK ZA 11
pt,peta,]PATA,KH 79 + 89
