Identical match,Linear A word,Original_Word,Source
kn,KA-NA,kani,HT23A
kns,KU-NI-SI,kanes,HT86a
kns,KU-NI-SI,kanes,HT86b
kns,KU-NI-SU,kanes,HT10A
kns,KU-NI-SU,kanes,HT95a
kns,KU-NI-SU,kanes,HT95b
krs,KI-RA-SI,kursa,TY3b
kw,KU+WA,kuwa,HT38
mm,MA+MA,mema,PH3a
mn,]-MI-NA-[,man,KH 79 + 89
mz,MA-ZA,maz,ZA010b
mz,MA-ZU,maz,HT102
mz,ME-ZA,maz,HT10A
nt,NA-TI,nata,HT97a
nt,NA-TU,nata,HT47a
nt,NI-TA-,nata,ARKJ004a
nt,NU-TE,nata,HT154Ja
nt,NU-TI,nata,ZA009
nw,NU-WI,newa,HT115b
p,PI,apa,HT32
p,PU-[,apa,MI 2
p,]-PA,apa,KH 91
pd,PA-DE,peda,HT122a
pd,PA-DE,peda,HT9A
pd,PA-DE,peda,HT9B
pd,PU-DE,peda,KH 88
pr,PA-RA,peri,HT128a
pr,PA-RA,peri,PH3a
pr,PA-RE,peri,HT 4
pr,PU-RA,peri,HT116a
pr,PU-RE ,peri,PK ZA 11
prn,PA-RA-NE,peran,HT115a
prn,PA-RA-NE,peran,HT115b
pt,]-PA-TA,peta,KH 79 + 89
s,SA,as,HT27b
s,SI,as,HT27b
s,SI,as,HT30
s,SI,as,Wa 1175-1266
s,SI,as,ZA009
s,SI ,as,PK ZA 10
sk,SI-KA,iski,Wa 1014-1018
sk,SU-KI,iski,HT49a
y,YA,ay,SY ZA 1
y,YA ,ay,KN ZA 18
y,[]-YA-[,ay,KH 90
