Identical Matches,Anatolia_Word,Linear A word,Source
d,ada,DA,HT86a
d,ada,DA,Wa 1031
d,ada,DI,HT85b
ts,aetios,TISA,HT31
ts,aetios,TUSU,PK1
ts,aetios,]TOSA,PK ZA 16
ns,aineas,NASI,AP ZA 2
ns,aineas,NASI,HT28b
ns,aineas,NUSE[,KN Wa 33b
tn,aitne,TANE,HT135b
tn,aitne,TANI,HT97a
tn,aitne,TENI,HT6A
tn,aitne,TUNE,HT87
ks,akis,KASA,KE1
kk,akka,KAKI,HT37
kk,akka,KAKU,HT62
mm,ammia,MAMA,PH3a
t,ata,TE,HT52
t,ata,TE,HT55a
t,ata,TE,HT62
t,ata,TE,HT63
t,ata,TE,PH Wg 36
t,ata,TE,Wa 1122-1130
t,ata,TE ,HT92
t,ata,TE ,PH12c
t,ata,TI,MA1c
t,ata,TU,KH 91
t,ata,]TE,PK ZA 18
t,ata,]TI[,PYR 2
ds,daos,DASI,HT10B
ds,daos,DASI,HT122a
ds,daos,DASI,HT85a
dks,dauokas,DIKISE,HT117b
dks,dauokas,DIKISE,HT87
dwn,dawon,DIWENA,HT93a
kdn,eikadion,KIDINI,HT93a
s,euios,SA,HT27b
s,euios,SI,HT27b
s,euios,SI,HT30
s,euios,SI,Wa 1175-1266
s,euios,SI4,ZA009
s,euios,]SI,PK ZA 10
kmn,kamon,KUMINA,Wc 3014a
krn,kiron,KARONA,HT11A
krn,kiron,KURANU,HT117a
krs,kiros,KIRASI,TY3b
kkn,kokion,KIKINA,HT88
kns,konios,KUNISI,HT86a
kns,konios,KUNISI,HT86b
kns,konios,KUNISU,HT10A
kns,konios,KUNISU,HT95a
kns,konios,KUNISU,HT95b
kn,kono,KANA,HT23A
mn,mania,]MINA[,KH 79 + 89
mr,maria,MARE,HT55a
mr,maria,MARI,HT128a
mr,maria,MARU,HT117a
mr,maria,MURU,HT 3
ms,moas,MASI,HT 5
myr,myro,MIYARE,HT37
myr,myro,MIYARU,HT35
myr,myro,MIYARU,HT81
pr,opra,PARA,HT128a
pr,opra,PARA,PH3a
pr,opra,PARE,HT 4
pr,opra,PURA,HT116a
pr,opra,PURE,PK ZA 11
rs,oros,RU-SA,HT96a
ptks,pataikios,PITAKESE,HT20
ptks,pataikios,PITAKESI,HT87
p,paua,PI,HT32
p,paua,PU[,MI 2
p,paua,]PA,KH 91
tt,tatia,TATA,KH007a
tt,tatia,TATI,HT26A
tt,tatia,TETU,HT13
tt,tatia,TETU,HT7A
