Identical match,Luwian_Word,Linear A word,Source
dn,aduna,DE-NU,HT11B
k,kui,KA,HT85b
k,kui,KA,Wa 1337-1470
k,kui,KA ,KN Wc 25
k,kui,KU,Wa 1486-1620
k,kui,]-KA-[,MI 2
kp,kup,KA-PA,HT102
kp,kup,KA-PA,HT105
kp,kup,KA-PA,HT140
kp,kup,KA-PA,HT6A
kp,kup,KA-PA,HT8B
kp,kup,KA-PA,HT94a
kp,kup,KU-PA,HT110a
kp,kup,KU-PA,ZA011a
kp,kup,KU-PI,ZA014
kpy,kupiya,KU-PA-YA,HT116a
kw,kuwa,KU+WA,HT38
mm,mmai,MA+MA,PH3a
mn,man,]-MI-NA-[,KH 79 + 89
ms,misa,MA-SI,HT 5
n,an,NA ,KN ZA 10
n,an,NI,HT111a
n,an,NI,HT28a
n,an,NI,HT28b
n,an,NI,HT30
n,an,NI,HT90
n,an,NI,KH 88
n,an,NI,KH 91
n,an,NU ,PK ZA 4
ns,nis,NA-SI,AP ZA 2
ns,nis,NA-SI,HT28b
ns,nis,NU-SE-[,KN Wa 33b
nt,anti,NA-TI,HT97a
nt,anti,NA-TU,HT47a
nt,anti,NI-TA-,ARKJ004a
nt,anti,NU-TE,HT154Ja
nt,anti,NU-TI,ZA009
nw,nawa,NU-WI,HT115b
p,apa,PI,HT32
p,apa,PU-[,MI 2
p,apa,]-PA,KH 91
pt,apati,]-PA-TA,KH 79 + 89
ptn,apatin,PA-TA-NE,HT122a
ptn,apatin,PA-TA-NE,HT94b
py,piya,PA-YA,HT40
r,aru,RA,ZA011b
r,aru,RE,HT27b
r,aru,RO,HT85b
r,aru,RO,Wa 1032-1121
r,aru,RO,Wb 2002
r,aru,]-RU,MA 10
rt,aarati,RE-TI,MA2b
rt,aarati,RE-TU,HT40
rt,aarati,RU-TE ,IO ZA 14
s,as,SA,HT27b
s,as,SI,HT27b
s,as,SI,HT30
s,as,SI,Wa 1175-1266
s,as,SI,ZA009
s,as,SI ,PK ZA 10
sr,asarai,SA-RA,HT100
sr,asarai,SA-RA,HT102
sr,asarai,SA-RA,HT105
sr,asarai,SA-RA,HT114a
sr,asarai,SA-RA,HT62
sr,asarai,SA-RA,HT94a
sr,asarai,SA-RA,HT99a
sr,asarai,SA-RO,HT17
sr,asarai,SA-RO,HT19
sr,asarai,SA-RO,HT40
sr,asarai,SA-RO,HT9A
sr,asarai,SA-RU,HT86a
sr,asarai,SA-RU,HT86b
sr,asarai,SA-RU,HT94b
sr,asarai,SA-RU,HT95a
sr,asarai,SA-RU,HT95b
sr,asarai,SA-RYA,HT32
sr,asarai,SA-RYA,HT33
sr,asarai,SA-RYA,HT34
sr,asarai,SI-RU,HT55a
sr,asarai,SI-RU,IO ZA 15
sr,asarai,SI-RU,PK ZA 10
sr,asarai,SI-RU ,TR ZA 1
sr,asarai,SU-RE,HT32
st,asta,SI-TU,ZA020
t,aata,TE,HT52
t,aata,TE,HT55a
t,aata,TE,HT62
t,aata,TE,HT63
t,aata,TE,PH Wg 36
t,aata,TE,PH12c
t,aata,TE,Wa 1122-1130
t,aata,TE ,HT92
t,aata,TE ,PK ZA 18
t,aata,TI,MA1c
t,aata,TU,KH 91
t,aata,]-TI-[,PYR 2
tn,taini,TA-NE,HT135b
tn,taini,TA-NI,HT97a
tn,taini,TE-NI,HT6A
tn,taini,TU-NE,HT87
tny,tainiya,TI-NU-YA,HT115b
tr,tar,TA-RA,HT89
tr,tar,TE-RI,PH31b
tt,aatta,TA-TA,KH007a
tt,aatta,TA-TI,HT26A
tt,aatta,TE-TU,HT13
tt,aatta,TE-TU,HT7A
ttr,ttaru,TA-TA-RE,PK1
tw,tawai,TE-WE,HT91
w,awi,WA,HT98a
w,awi,WA,Wc 3019
ws,wasu,WI-SA,HT113
y,iya,YA,SY ZA 1
y,iya,YA ,KN ZA 18
y,iya,[]-YA-[,KH 90
z,za,ZA,ZA009
z,za,ZO-[,KH 91
z,za,ZO-[],Wc 3020b
zd,zidai,ZU-DU,HT99b
