﻿Pre-Basque,
anatzi,
anantzi,
enantzi,
enatzi,
anari,
adar,
hagin,
agin,
ainnala,
ennala,
ellana,
ellane,
aillana,
atta,
aita,
haize,
aize,
anizpa,
anizba,
alla,
alle,
anba,
annaea,
annaia,
annane,
annanea,
handi,
andi,
aho,
ao,
ar,
har,
hor,
or,
ardi,
ardano,
argi,
arrats,
arreba,
harri,
arri,
har,
ate,
atso,
atz,
hatz,
haur,
aur,
ba,
barre,
baso,
bederatzu,
behe,
bee,
begi,
bei,
behi,
berarri,
bellaun,
behor,
beor,
ber,
bero,
belo,
berun,
belun,
beraun,
belaun,
biga,
bil,
bill,
bizi,
bortz,
burdina,
buru,
buztan,
buztarri,
da,
dan,
edo,
hego,
ego,
hegal,
egal,
egarr-i,
gin,
gos,
gotz,
egu,
egu-n,
egur,
eke,
ekee,
ban,
e-nezun,
eri,
eli,
erle,
ero,
ro,
ror,
errain,
erre,
herri,
erri,
errun,
eserran,
eseran,
esran,
esku,
ezene,
eta,
torr,
etse,
etze,
eulli,
euri,
eze,
enazur,
go-,
gar-,
gaitz,
gar,
garbi,
gazte,
gibel,
gizon,
gorr-i,
gu,
hi,
ibai,
bil,
bill,
ini,
kus,
hil,
illa,
ille,
ulle,
illun,
zinnagurri,
innagurri,
innaurri,
e-re-ki,
e-de-ki,
e-reki-i,
e-dek-i,
hili,
ili,
hirur,
irur,
itsaso,
sur,
itsu,
hitz,
itz,
izan,
zan,
izar,
ze,
izen,
izu,
eakin,
e-elki,
an-,
oCan,
oan,
labur,
larru,
laster,
laur,
lo,
lur,
luze,
bene,
bendi,
bini,
bin,
butz,
botz,
negu-,
neska,
ni,
no,
odol,
oin,
bon,
on,
orein,
hor-i,
or-i,
oro,
horri,
orri,
hortz,
ortz,
ortzi,
oso,
hotz,
otz,
sei,
seni,
sor-,
su,
sudur,
suni,
zori,
ugatz,
uko,
un-be,
ur,
urte,
urzo,
huts,
uts,
e-utz-i,
zahar,
zaar,
zani,
zazpi,
ze-,
zorri-,
zu,
zullo,
zur,
