,Hittite_matches,Hittite_words
0,pr,peri
1,pd,peda
2,pd,pida
3,pd,peda
4,pd,pida
5,pd,peda
6,pd,pida
7,pd,peda
8,pd,pida
9,kns,kanes
10,mz,maz
11,kn,kani
12,kn,kinu
13,kn,kanu
14,kn,kani
15,kn,kinu
16,kn,kanu
17,kn,kani
18,kn,kinu
19,kn,kanu
20,s,as
21,s,es
22,s,as
23,s,es
24,s,as
25,s,es
26,s,as
27,s,es
28,s,as
29,s,es
30,s,as
31,s,es
32,s,as
33,s,es
34,s,as
35,s,es
36,s,as
37,s,es
38,s,as
39,s,es
40,s,as
41,s,es
42,s,as
43,s,es
44,p,apa
45,kw,kuwa
46,nt,nata
47,sk,iski
48,sk,sak
49,sk,sek
50,sk,sik
51,sk,iski
52,sk,sak
53,sk,sek
54,sk,sik
55,sk,iski
56,sk,sak
57,sk,sek
58,sk,sik
59,sk,iski
60,sk,sak
61,sk,sek
62,sk,sik
63,kns,kanes
64,kns,kanes
65,kns,kanes
66,kns,kanes
67,nt,nata
68,mz,maz
69,prn,peran
70,prn,piran
71,prn,peran
72,prn,piran
73,prn,peran
74,prn,piran
75,prn,peran
76,prn,piran
77,nw,newa
78,pr,peri
79,pd,peda
80,pd,pida
81,pd,peda
82,pd,pida
83,pr,peri
84,nt,nata
85,pr,peri
86,mm,mema
87,mm,mima
88,mm,mema
89,mm,mima
90,krs,kursa
91,sk,iski
92,sk,sak
93,sk,sek
94,sk,sik
95,sk,iski
96,sk,sak
97,sk,sek
98,sk,sik
99,sk,iski
100,sk,sak
101,sk,sek
102,sk,sik
103,sk,iski
104,sk,sak
105,sk,sek
106,sk,sik
107,s,as
108,s,es
109,s,as
110,s,es
111,nt,nata
112,nt,nata
113,s,as
114,s,es
115,s,as
116,s,es
117,mz,maz
118,y,ay
119,s,as
120,s,es
121,s,as
122,s,es
123,pr,peri
124,y,ay
125,mn,man
126,mn,mani
127,mn,man
128,mn,mani
129,pt,peta
130,pt,pat
131,pt,pata
132,pt,peta
133,pt,pat
134,pt,pata
135,pt,peta
136,pt,pat
137,pt,pata
138,pd,peda
139,pd,pida
140,pd,peda
141,pd,pida
142,y,ay
143,p,apa
144,p,apa
