,Luwian_matches,Original_Luwian_words
0,pr,pari
1,r,ara
2,r,ari
3,r,ura
4,r,ara
5,r,ari
6,r,ura
7,r,ara
8,r,ari
9,r,ura
10,r,ara
11,r,ari
12,r,ura
13,r,ara
14,r,ari
15,r,ura
16,r,ara
17,r,ari
18,r,ura
19,ns,nis
20,srr,sarra
21,srr,sarri
22,srr,sarra
23,srr,sarri
24,r,ara
25,r,ari
26,r,ura
27,r,ara
28,r,ari
29,r,ura
30,r,ara
31,r,ari
32,r,ura
33,ws,wasu
34,nw,nawa
35,pr,pari
36,pr,pari
37,pr,pari
38,srr,sarra
39,srr,sarri
40,srr,sarra
41,srr,sarri
42,r,ara
43,r,ari
44,r,ura
45,r,ara
46,r,ari
47,r,ura
48,r,ara
49,r,ari
50,r,ura
51,r,ara
52,r,ari
53,r,ura
54,r,ara
55,r,ari
56,r,ura
57,r,ara
58,r,ari
59,r,ura
60,ns,nis
61,r,ara
62,r,ari
63,r,ura
64,r,ara
65,r,ari
66,r,ura
67,r,ara
68,r,ari
69,r,ura
70,ns,nis
71,pr,pari
72,mn,man
73,r,ara
74,r,ari
75,r,ura
76,r,ara
77,r,ari
78,r,ura
79,r,ara
80,r,ari
81,r,ura
