,Post_Basque_matches,Post_Basque_words
0,wd,wad
1,tt,atta
2,sr,suru
3,sr,sur
4,sr,asar
5,sr,suru
6,sr,sur
7,sr,asar
8,sr,suru
9,sr,sur
10,sr,asar
11,tt,atta
12,sr,suru
13,sr,sur
14,sr,asar
15,sr,suru
16,sr,sur
17,sr,asar
18,sr,suru
19,sr,sur
20,sr,asar
21,sr,suru
22,sr,sur
23,sr,asar
24,sr,suru
25,sr,sur
26,sr,asar
27,sr,suru
28,sr,sur
29,sr,asar
30,nr,anar
31,nr,anar
32,nr,anar
33,nr,anar
34,tt,atta
35,s,su
36,s,su
37,r,ur
38,s,su
39,s,su
40,r,ur
41,s,su
42,n,eno
43,n,eno
44,n,eno
45,s,su
46,n,eno
47,sr,suru
48,sr,sur
49,sr,asar
50,sr,suru
51,sr,sur
52,sr,asar
53,sr,suru
54,sr,sur
55,sr,asar
56,sr,suru
57,sr,sur
58,sr,asar
59,sr,suru
60,sr,sur
61,sr,asar
62,sr,suru
63,sr,sur
64,sr,asar
65,sr,suru
66,sr,sur
67,sr,asar
68,sr,suru
69,sr,sur
70,sr,asar
71,sr,suru
72,sr,sur
73,sr,asar
74,sr,suru
75,sr,sur
76,sr,asar
77,sr,suru
78,sr,sur
79,sr,asar
80,sr,suru
81,sr,sur
82,sr,asar
83,sr,suru
84,sr,sur
85,sr,asar
86,sr,suru
87,sr,sur
88,sr,asar
89,sr,suru
90,sr,sur
91,sr,asar
92,sd,sed
93,rt,art
94,nt,ant
95,sr,suru
96,sr,sur
97,sr,asar
98,sr,suru
99,sr,sur
100,sr,asar
101,sr,suru
102,sr,sur
103,sr,asar
104,sr,suru
105,sr,sur
106,sr,asar
107,sr,suru
108,sr,sur
109,sr,asar
110,sr,suru
111,sr,sur
112,sr,asar
113,r,ur
114,d,de
115,sr,suru
116,sr,sur
117,sr,asar
118,sr,suru
119,sr,sur
120,sr,asar
121,sr,suru
122,sr,sur
123,sr,asar
124,d,de
125,sr,suru
126,sr,sur
127,sr,asar
128,sr,suru
129,sr,sur
130,sr,asar
131,sr,suru
132,sr,sur
133,sr,asar
134,tr,atr
135,n,eno
136,n,eno
137,sr,suru
138,sr,sur
139,sr,asar
140,sr,suru
141,sr,sur
142,sr,asar
143,sr,suru
144,sr,sur
145,sr,asar
146,wd,wad
147,sr,suru
148,sr,sur
149,sr,asar
150,sr,suru
151,sr,sur
152,sr,asar
153,sr,suru
154,sr,sur
155,sr,asar
156,sr,suru
157,sr,sur
158,sr,asar
159,sr,suru
160,sr,sur
161,sr,asar
162,sr,suru
163,sr,sur
164,sr,asar
165,sr,suru
166,sr,sur
167,sr,asar
168,sr,suru
169,sr,sur
170,sr,asar
171,sr,suru
172,sr,sur
173,sr,asar
174,nt,ant
175,w,wu
176,sr,suru
177,sr,sur
178,sr,asar
179,sr,suru
180,sr,sur
181,sr,asar
182,sr,suru
183,sr,sur
184,sr,asar
185,sr,suru
186,sr,sur
187,sr,asar
188,sr,suru
189,sr,sur
190,sr,asar
191,sr,suru
192,sr,sur
193,sr,asar
194,sr,suru
195,sr,sur
196,sr,asar
197,sr,suru
198,sr,sur
199,sr,asar
200,sr,suru
201,sr,sur
202,sr,asar
203,sr,suru
204,sr,sur
205,sr,asar
206,sr,suru
207,sr,sur
208,sr,asar
209,sr,suru
210,sr,sur
211,sr,asar
212,n,eno
213,sd,sed
214,sr,suru
215,sr,sur
216,sr,asar
217,sr,suru
218,sr,sur
219,sr,asar
220,sr,suru
221,sr,sur
222,sr,asar
223,rr,arr
224,rr,erru
225,rr,arr
226,rr,erru
227,nr,anar
228,nr,anar
229,nr,anar
230,nr,anar
231,nt,ant
232,rt,art
233,tr,atr
234,d,de
235,r,ur
236,s,su
237,o,eo
238,r,ur
239,w,wu
240,rr,arr
241,rr,erru
242,rr,arr
243,rr,erru
244,nt,ant
245,ru,reu
246,tt,atta
247,nt,ant
248,s,su
249,r,ur
250,rt,art
251,sr,suru
252,sr,sur
253,sr,asar
254,sr,suru
255,sr,sur
256,sr,asar
257,sr,suru
258,sr,sur
259,sr,asar
260,n,eno
261,n,eno
262,s,su
263,sr,suru
264,sr,sur
265,sr,asar
266,sr,suru
267,sr,sur
268,sr,asar
269,sr,suru
270,sr,sur
271,sr,asar
272,sr,suru
273,sr,sur
274,sr,asar
275,sr,suru
276,sr,sur
277,sr,asar
278,sr,suru
279,sr,sur
280,sr,asar
281,mn,eman
282,n,eno
283,n,eno
284,o,eo
285,o,eo
286,r,ur
