,Pre_Basque_matches,Pre_Basque_words
0,dr,adar
1,tt,atta
2,sr,sur
3,dr,adar
4,dn,dan
5,rz,urzo
6,tt,atta
7,sr,sur
8,sdr,sudur
9,sr,sur
10,nr,anari
11,tt,atta
12,s,oso
13,s,su
14,s,oso
15,s,su
16,s,oso
17,s,su
18,s,oso
19,s,su
20,r,ar
21,r,or
22,r,eri
23,r,ero
24,r,ro
25,r,oro
26,r,ur
27,r,ar
28,r,or
29,r,eri
30,r,ero
31,r,ro
32,r,oro
33,r,ur
34,r,ar
35,r,or
36,r,eri
37,r,ero
38,r,ro
39,r,oro
40,r,ur
41,r,ar
42,r,or
43,r,eri
44,r,ero
45,r,ro
46,r,oro
47,r,ur
48,r,ar
49,r,or
50,r,eri
51,r,ero
52,r,ro
53,r,oro
54,r,ur
55,r,ar
56,r,or
57,r,eri
58,r,ero
59,r,ro
60,r,oro
61,r,ur
62,r,ar
63,r,or
64,r,eri
65,r,ero
66,r,ro
67,r,oro
68,r,ur
69,s,oso
70,s,su
71,s,oso
72,s,su
73,s,oso
74,s,su
75,s,oso
76,s,su
77,r,ar
78,r,or
79,r,eri
80,r,ero
81,r,ro
82,r,oro
83,r,ur
84,r,ar
85,r,or
86,r,eri
87,r,ero
88,r,ro
89,r,oro
90,r,ur
91,r,ar
92,r,or
93,r,eri
94,r,ero
95,r,ro
96,r,oro
97,r,ur
98,r,ar
99,r,or
100,r,eri
101,r,ero
102,r,ro
103,r,oro
104,r,ur
105,r,ar
106,r,or
107,r,eri
108,r,ero
109,r,ro
110,r,oro
111,r,ur
112,r,ar
113,r,or
114,r,eri
115,r,ero
116,r,ro
117,r,oro
118,r,ur
119,r,ar
120,r,or
121,r,eri
122,r,ero
123,r,ro
124,r,oro
125,r,ur
126,s,oso
127,s,su
128,s,oso
129,s,su
130,n,ini
131,n,ni
132,n,no
133,n,on
134,n,ini
135,n,ni
136,n,no
137,n,on
138,n,ini
139,n,ni
140,n,no
141,n,on
142,n,ini
143,n,ni
144,n,no
145,n,on
146,n,ini
147,n,ni
148,n,no
149,n,on
150,n,ini
151,n,ni
152,n,no
153,n,on
154,n,ini
155,n,ni
156,n,no
157,n,on
158,n,ini
159,n,ni
160,n,no
161,n,on
162,n,ini
163,n,ni
164,n,no
165,n,on
166,n,ini
167,n,ni
168,n,no
169,n,on
170,n,ini
171,n,ni
172,n,no
173,n,on
174,n,ini
175,n,ni
176,n,no
177,n,on
178,s,oso
179,s,su
180,s,oso
181,s,su
182,n,ini
183,n,ni
184,n,no
185,n,on
186,n,ini
187,n,ni
188,n,no
189,n,on
190,n,ini
191,n,ni
192,n,no
193,n,on
194,n,ini
195,n,ni
196,n,no
197,n,on
198,ts,atso
199,ts,etse
200,ts,itsu
201,ts,uts
202,ts,atso
203,ts,etse
204,ts,itsu
205,ts,uts
206,ts,atso
207,ts,etse
208,ts,itsu
209,ts,uts
210,ts,atso
211,ts,etse
212,ts,itsu
213,ts,uts
214,sr,sur
215,sr,sur
216,sr,sur
217,sr,sur
218,an,oan
219,sr,sur
220,rt,urte
221,sk,esku
222,t,ate
223,t,eta
224,t,ate
225,t,eta
226,t,ate
227,t,eta
228,t,ate
229,t,eta
230,sr,sur
231,sr,sur
232,t,ate
233,t,eta
234,t,ate
235,t,eta
236,it,aita
237,t,ate
238,t,eta
239,t,ate
240,t,eta
241,r,ar
242,r,or
243,r,eri
244,r,ero
245,r,ro
246,r,oro
247,r,ur
248,r,ar
249,r,or
250,r,eri
251,r,ero
252,r,ro
253,r,oro
254,r,ur
255,r,ar
256,r,or
257,r,eri
258,r,ero
259,r,ro
260,r,oro
261,r,ur
262,r,ar
263,r,or
264,r,eri
265,r,ero
266,r,ro
267,r,oro
268,r,ur
269,r,ar
270,r,or
271,r,eri
272,r,ero
273,r,ro
274,r,oro
275,r,ur
276,r,ar
277,r,or
278,r,eri
279,r,ero
280,r,ro
281,r,oro
282,r,ur
283,r,ar
284,r,or
285,r,eri
286,r,ero
287,r,ro
288,r,oro
289,r,ur
290,k,eke
291,k,uko
292,k,eke
293,k,uko
294,d,da
295,d,edo
296,d,da
297,d,edo
298,sr,sur
299,d,da
300,d,edo
301,d,da
302,d,edo
303,sr,sur
304,rz,urzo
305,n,ini
306,n,ni
307,n,no
308,n,on
309,n,ini
310,n,ni
311,n,no
312,n,on
313,n,ini
314,n,ni
315,n,no
316,n,on
317,n,ini
318,n,ni
319,n,no
320,n,on
321,n,ini
322,n,ni
323,n,no
324,n,on
325,n,ini
326,n,ni
327,n,no
328,n,on
329,n,ini
330,n,ni
331,n,no
332,n,on
333,n,ini
334,n,ni
335,n,no
336,n,on
337,t,ate
338,t,eta
339,t,ate
340,t,eta
341,sr,sur
342,sr,sur
343,sr,sur
344,sr,sur
345,sr,sur
346,sr,sur
347,sr,sur
348,sr,sur
349,n,ini
350,n,ni
351,n,no
352,n,on
353,n,ini
354,n,ni
355,n,no
356,n,on
357,n,ini
358,n,ni
359,n,no
360,n,on
361,n,ini
362,n,ni
363,n,no
364,n,on
365,sr,sur
366,rr,arri
367,rr,ror
368,rr,erre
369,rr,erri
370,rr,irur
371,rr,orri
372,rr,arri
373,rr,ror
374,rr,erre
375,rr,erri
376,rr,irur
377,rr,orri
378,rr,arri
379,rr,ror
380,rr,erre
381,rr,erri
382,rr,irur
383,rr,orri
384,rr,arri
385,rr,ror
386,rr,erre
387,rr,erri
388,rr,irur
389,rr,orri
390,rr,arri
391,rr,ror
392,rr,erre
393,rr,erri
394,rr,irur
395,rr,orri
396,rr,arri
397,rr,ror
398,rr,erre
399,rr,erri
400,rr,irur
401,rr,orri
402,sdr,sudur
403,dr,adar
404,rd,ardi
405,nr,anari
406,ks,kus
407,t,ate
408,t,eta
409,t,ate
410,t,eta
411,dr,adar
412,rt,urte
413,ts,atso
414,ts,etse
415,ts,itsu
416,ts,uts
417,ts,atso
418,ts,etse
419,ts,itsu
420,ts,uts
421,ts,atso
422,ts,etse
423,ts,itsu
424,ts,uts
425,ts,atso
426,ts,etse
427,ts,itsu
428,ts,uts
429,t,ate
430,t,eta
431,t,ate
432,t,eta
433,sk,esku
434,d,da
435,d,edo
436,d,da
437,d,edo
438,r,ar
439,r,or
440,r,eri
441,r,ero
442,r,ro
443,r,oro
444,r,ur
445,r,ar
446,r,or
447,r,eri
448,r,ero
449,r,ro
450,r,oro
451,r,ur
452,r,ar
453,r,or
454,r,eri
455,r,ero
456,r,ro
457,r,oro
458,r,ur
459,r,ar
460,r,or
461,r,eri
462,r,ero
463,r,ro
464,r,oro
465,r,ur
466,r,ar
467,r,or
468,r,eri
469,r,ero
470,r,ro
471,r,oro
472,r,ur
473,r,ar
474,r,or
475,r,eri
476,r,ero
477,r,ro
478,r,oro
479,r,ur
480,r,ar
481,r,or
482,r,eri
483,r,ero
484,r,ro
485,r,oro
486,r,ur
487,t,ate
488,t,eta
489,t,ate
490,t,eta
491,s,oso
492,s,su
493,s,oso
494,s,su
495,o,ao
496,k,eke
497,k,uko
498,k,eke
499,k,uko
500,k,eke
501,k,uko
502,k,eke
503,k,uko
504,r,ar
505,r,or
506,r,eri
507,r,ero
508,r,ro
509,r,oro
510,r,ur
511,r,ar
512,r,or
513,r,eri
514,r,ero
515,r,ro
516,r,oro
517,r,ur
518,r,ar
519,r,or
520,r,eri
521,r,ero
522,r,ro
523,r,oro
524,r,ur
525,r,ar
526,r,or
527,r,eri
528,r,ero
529,r,ro
530,r,oro
531,r,ur
532,r,ar
533,r,or
534,r,eri
535,r,ero
536,r,ro
537,r,oro
538,r,ur
539,r,ar
540,r,or
541,r,eri
542,r,ero
543,r,ro
544,r,oro
545,r,ur
546,r,ar
547,r,or
548,r,eri
549,r,ero
550,r,ro
551,r,oro
552,r,ur
553,z,eze
554,z,ze
555,z,izu
556,z,zu
557,z,eze
558,z,ze
559,z,izu
560,z,zu
561,z,eze
562,z,ze
563,z,izu
564,z,zu
565,z,eze
566,z,ze
567,z,izu
568,z,zu
569,rr,arri
570,rr,ror
571,rr,erre
572,rr,erri
573,rr,irur
574,rr,orri
575,rr,arri
576,rr,ror
577,rr,erre
578,rr,erri
579,rr,irur
580,rr,orri
581,rr,arri
582,rr,ror
583,rr,erre
584,rr,erri
585,rr,irur
586,rr,orri
587,rr,arri
588,rr,ror
589,rr,erre
590,rr,erri
591,rr,irur
592,rr,orri
593,rr,arri
594,rr,ror
595,rr,erre
596,rr,erri
597,rr,irur
598,rr,orri
599,rr,arri
600,rr,ror
601,rr,erre
602,rr,erri
603,rr,irur
604,rr,orri
605,k,eke
606,k,uko
607,k,eke
608,k,uko
609,t,ate
610,t,eta
611,t,ate
612,t,eta
613,tt,atta
614,z,eze
615,z,ze
616,z,izu
617,z,zu
618,z,eze
619,z,ze
620,z,izu
621,z,zu
622,z,eze
623,z,ze
624,z,izu
625,z,zu
626,z,eze
627,z,ze
628,z,izu
629,z,zu
630,s,oso
631,s,su
632,s,oso
633,s,su
634,r,ar
635,r,or
636,r,eri
637,r,ero
638,r,ro
639,r,oro
640,r,ur
641,r,ar
642,r,or
643,r,eri
644,r,ero
645,r,ro
646,r,oro
647,r,ur
648,r,ar
649,r,or
650,r,eri
651,r,ero
652,r,ro
653,r,oro
654,r,ur
655,r,ar
656,r,or
657,r,eri
658,r,ero
659,r,ro
660,r,oro
661,r,ur
662,r,ar
663,r,or
664,r,eri
665,r,ero
666,r,ro
667,r,oro
668,r,ur
669,r,ar
670,r,or
671,r,eri
672,r,ero
673,r,ro
674,r,oro
675,r,ur
676,r,ar
677,r,or
678,r,eri
679,r,ero
680,r,ro
681,r,oro
682,r,ur
683,it,aita
684,rt,urte
685,sr,sur
686,n,ini
687,n,ni
688,n,no
689,n,on
690,n,ini
691,n,ni
692,n,no
693,n,on
694,n,ini
695,n,ni
696,n,no
697,n,on
698,n,ini
699,n,ni
700,n,no
701,n,on
702,n,ini
703,n,ni
704,n,no
705,n,on
706,n,ini
707,n,ni
708,n,no
709,n,on
710,n,ini
711,n,ni
712,n,no
713,n,on
714,n,ini
715,n,ni
716,n,no
717,n,on
718,s,oso
719,s,su
720,s,oso
721,s,su
722,sr,sur
723,ts,atso
724,ts,etse
725,ts,itsu
726,ts,uts
727,ts,atso
728,ts,etse
729,ts,itsu
730,ts,uts
731,ts,atso
732,ts,etse
733,ts,itsu
734,ts,uts
735,ts,atso
736,ts,etse
737,ts,itsu
738,ts,uts
739,t,ate
740,t,eta
741,t,ate
742,t,eta
743,sr,sur
744,n,ini
745,n,ni
746,n,no
747,n,on
748,n,ini
749,n,ni
750,n,no
751,n,on
752,n,ini
753,n,ni
754,n,no
755,n,on
756,n,ini
757,n,ni
758,n,no
759,n,on
760,z,eze
761,z,ze
762,z,izu
763,z,zu
764,z,eze
765,z,ze
766,z,izu
767,z,zu
768,z,eze
769,z,ze
770,z,izu
771,z,zu
772,z,eze
773,z,ze
774,z,izu
775,z,zu
776,t,ate
777,t,eta
778,t,ate
779,t,eta
780,n,ini
781,n,ni
782,n,no
783,n,on
784,n,ini
785,n,ni
786,n,no
787,n,on
788,n,ini
789,n,ni
790,n,no
791,n,on
792,n,ini
793,n,ni
794,n,no
795,n,on
796,o,ao
797,o,ao
798,r,ar
799,r,or
800,r,eri
801,r,ero
802,r,ro
803,r,oro
804,r,ur
805,r,ar
806,r,or
807,r,eri
808,r,ero
809,r,ro
810,r,oro
811,r,ur
812,r,ar
813,r,or
814,r,eri
815,r,ero
816,r,ro
817,r,oro
818,r,ur
819,r,ar
820,r,or
821,r,eri
822,r,ero
823,r,ro
824,r,oro
825,r,ur
826,r,ar
827,r,or
828,r,eri
829,r,ero
830,r,ro
831,r,oro
832,r,ur
833,r,ar
834,r,or
835,r,eri
836,r,ero
837,r,ro
838,r,oro
839,r,ur
840,r,ar
841,r,or
842,r,eri
843,r,ero
844,r,ro
845,r,oro
846,r,ur
847,k,eke
848,k,uko
849,k,eke
850,k,uko
851,t,ate
852,t,eta
853,t,ate
854,t,eta
