,Thracian_matches,Thracian_words
0,mr,mara
1,mr,mare
2,mr,mera
3,mr,mire
4,mr,mara
5,mr,mare
6,mr,mera
7,mr,mire
8,mr,mara
9,mr,mare
10,mr,mera
11,mr,mire
12,mr,mara
13,mr,mare
14,mr,mera
15,mr,mire
16,drt,drete
17,pr,pir
18,pr,piri
19,pr,puru
20,pr,pir
21,pr,piri
22,pr,puru
23,pr,pir
24,pr,piri
25,pr,puru
26,ms,amus
27,ms,mos
28,ms,musu
29,ms,amus
30,ms,mos
31,ms,musu
32,ms,amus
33,ms,mos
34,ms,musu
35,dj,dej
36,dj,deja
37,dj,dej
38,dj,deja
39,dr,adaru
40,dr,dar
41,dr,dara
42,dr,adaru
43,dr,dar
44,dr,dara
45,dr,adaru
46,dr,dar
47,dr,dara
48,tt,tuta
49,tt,tut
50,tt,tuta
51,tt,tut
52,sr,sur
53,sr,suru
54,sr,sar
55,sr,sir
56,sr,sur
57,sr,suru
58,sr,sar
59,sr,sir
60,sr,sur
61,sr,suru
62,sr,sar
63,sr,sir
64,sr,sur
65,sr,suru
66,sr,sar
67,sr,sir
68,pd,pod
69,ar,iar
70,ar,oar
71,ar,oar
72,ar,iar
73,ar,oar
74,ar,oar
75,ar,iar
76,ar,oar
77,ar,oar
78,pd,pod
79,as,iasi
80,as,ias
81,as,iasi
82,as,ias
83,dr,adaru
84,dr,dar
85,dr,dara
86,dr,adaru
87,dr,dar
88,dr,dara
89,dr,adaru
90,dr,dar
91,dr,dara
92,drd,dord
93,drd,dridu
94,drd,drud
95,drd,dord
96,drd,dridu
97,drd,drud
98,drd,dord
99,drd,dridu
100,drd,drud
101,ds,das
102,ds,dasa
103,ds,dasu
104,ds,das
105,ds,dasa
106,ds,dasu
107,ds,das
108,ds,dasa
109,ds,dasu
110,trn,tarina
111,di,daia
112,rz,riza
113,tt,tuta
114,tt,tut
115,tt,tuta
116,tt,tut
117,sr,sur
118,sr,suru
119,sr,sar
120,sr,sir
121,sr,sur
122,sr,suru
123,sr,sar
124,sr,sir
125,sr,sur
126,sr,suru
127,sr,sar
128,sr,sir
129,sr,sur
130,sr,suru
131,sr,sar
132,sr,sir
133,sr,sur
134,sr,suru
135,sr,sar
136,sr,sir
137,sr,sur
138,sr,suru
139,sr,sar
140,sr,sir
141,sr,sur
142,sr,suru
143,sr,sar
144,sr,sir
145,sr,sur
146,sr,suru
147,sr,sar
148,sr,sir
149,prs,pres
150,nr,nera
151,rn,arin
152,rn,rona
153,rn,arin
154,rn,rona
155,tt,tuta
156,tt,tut
157,tt,tuta
158,tt,tut
159,rn,arin
160,rn,rona
161,rn,arin
162,rn,rona
163,s,as
164,s,es
165,s,is
166,s,as
167,s,asi
168,s,es
169,s,su
170,s,so
171,s,us
172,s,usi
173,s,us
174,s,usa
175,s,as
176,s,es
177,s,is
178,s,as
179,s,asi
180,s,es
181,s,su
182,s,so
183,s,us
184,s,usi
185,s,us
186,s,usa
187,s,as
188,s,es
189,s,is
190,s,as
191,s,asi
192,s,es
193,s,su
194,s,so
195,s,us
196,s,usi
197,s,us
198,s,usa
199,s,as
200,s,es
201,s,is
202,s,as
203,s,asi
204,s,es
205,s,su
206,s,so
207,s,us
208,s,usi
209,s,us
210,s,usa
211,s,as
212,s,es
213,s,is
214,s,as
215,s,asi
216,s,es
217,s,su
218,s,so
219,s,us
220,s,usi
221,s,us
222,s,usa
223,s,as
224,s,es
225,s,is
226,s,as
227,s,asi
228,s,es
229,s,su
230,s,so
231,s,us
232,s,usi
233,s,us
234,s,usa
235,s,as
236,s,es
237,s,is
238,s,as
239,s,asi
240,s,es
241,s,su
242,s,so
243,s,us
244,s,usi
245,s,us
246,s,usa
247,s,as
248,s,es
249,s,is
250,s,as
251,s,asi
252,s,es
253,s,su
254,s,so
255,s,us
256,s,usi
257,s,us
258,s,usa
259,s,as
260,s,es
261,s,is
262,s,as
263,s,asi
264,s,es
265,s,su
266,s,so
267,s,us
268,s,usi
269,s,us
270,s,usa
271,s,as
272,s,es
273,s,is
274,s,as
275,s,asi
276,s,es
277,s,su
278,s,so
279,s,us
280,s,usi
281,s,us
282,s,usa
283,s,as
284,s,es
285,s,is
286,s,as
287,s,asi
288,s,es
289,s,su
290,s,so
291,s,us
292,s,usi
293,s,us
294,s,usa
295,s,as
296,s,es
297,s,is
298,s,as
299,s,asi
300,s,es
301,s,su
302,s,so
303,s,us
304,s,usi
305,s,us
306,s,usa
307,s,as
308,s,es
309,s,is
310,s,as
311,s,asi
312,s,es
313,s,su
314,s,so
315,s,us
316,s,usi
317,s,us
318,s,usa
319,s,as
320,s,es
321,s,is
322,s,as
323,s,asi
324,s,es
325,s,su
326,s,so
327,s,us
328,s,usi
329,s,us
330,s,usa
331,s,as
332,s,es
333,s,is
334,s,as
335,s,asi
336,s,es
337,s,su
338,s,so
339,s,us
340,s,usi
341,s,us
342,s,usa
343,s,as
344,s,es
345,s,is
346,s,as
347,s,asi
348,s,es
349,s,su
350,s,so
351,s,us
352,s,usi
353,s,us
354,s,usa
355,s,as
356,s,es
357,s,is
358,s,as
359,s,asi
360,s,es
361,s,su
362,s,so
363,s,us
364,s,usi
365,s,us
366,s,usa
367,s,as
368,s,es
369,s,is
370,s,as
371,s,asi
372,s,es
373,s,su
374,s,so
375,s,us
376,s,usi
377,s,us
378,s,usa
379,s,as
380,s,es
381,s,is
382,s,as
383,s,asi
384,s,es
385,s,su
386,s,so
387,s,us
388,s,usi
389,s,us
390,s,usa
391,s,as
392,s,es
393,s,is
394,s,as
395,s,asi
396,s,es
397,s,su
398,s,so
399,s,us
400,s,usi
401,s,us
402,s,usa
403,s,as
404,s,es
405,s,is
406,s,as
407,s,asi
408,s,es
409,s,su
410,s,so
411,s,us
412,s,usi
413,s,us
414,s,usa
415,s,as
416,s,es
417,s,is
418,s,as
419,s,asi
420,s,es
421,s,su
422,s,so
423,s,us
424,s,usi
425,s,us
426,s,usa
427,s,as
428,s,es
429,s,is
430,s,as
431,s,asi
432,s,es
433,s,su
434,s,so
435,s,us
436,s,usi
437,s,us
438,s,usa
439,s,as
440,s,es
441,s,is
442,s,as
443,s,asi
444,s,es
445,s,su
446,s,so
447,s,us
448,s,usi
449,s,us
450,s,usa
451,r,uri
452,r,ori
453,r,ra
454,r,ur
455,r,ur
456,r,uri
457,r,ori
458,r,ra
459,r,ur
460,r,ur
461,r,uri
462,r,ori
463,r,ra
464,r,ur
465,r,ur
466,r,uri
467,r,ori
468,r,ra
469,r,ur
470,r,ur
471,r,uri
472,r,ori
473,r,ra
474,r,ur
475,r,ur
476,s,as
477,s,es
478,s,is
479,s,as
480,s,asi
481,s,es
482,s,su
483,s,so
484,s,us
485,s,usi
486,s,us
487,s,usa
488,s,as
489,s,es
490,s,is
491,s,as
492,s,asi
493,s,es
494,s,su
495,s,so
496,s,us
497,s,usi
498,s,us
499,s,usa
500,s,as
501,s,es
502,s,is
503,s,as
504,s,asi
505,s,es
506,s,su
507,s,so
508,s,us
509,s,usi
510,s,us
511,s,usa
512,s,as
513,s,es
514,s,is
515,s,as
516,s,asi
517,s,es
518,s,su
519,s,so
520,s,us
521,s,usi
522,s,us
523,s,usa
524,s,as
525,s,es
526,s,is
527,s,as
528,s,asi
529,s,es
530,s,su
531,s,so
532,s,us
533,s,usi
534,s,us
535,s,usa
536,s,as
537,s,es
538,s,is
539,s,as
540,s,asi
541,s,es
542,s,su
543,s,so
544,s,us
545,s,usi
546,s,us
547,s,usa
548,s,as
549,s,es
550,s,is
551,s,as
552,s,asi
553,s,es
554,s,su
555,s,so
556,s,us
557,s,usi
558,s,us
559,s,usa
560,s,as
561,s,es
562,s,is
563,s,as
564,s,asi
565,s,es
566,s,su
567,s,so
568,s,us
569,s,usi
570,s,us
571,s,usa
572,s,as
573,s,es
574,s,is
575,s,as
576,s,asi
577,s,es
578,s,su
579,s,so
580,s,us
581,s,usi
582,s,us
583,s,usa
584,s,as
585,s,es
586,s,is
587,s,as
588,s,asi
589,s,es
590,s,su
591,s,so
592,s,us
593,s,usi
594,s,us
595,s,usa
596,s,as
597,s,es
598,s,is
599,s,as
600,s,asi
601,s,es
602,s,su
603,s,so
604,s,us
605,s,usi
606,s,us
607,s,usa
608,s,as
609,s,es
610,s,is
611,s,as
612,s,asi
613,s,es
614,s,su
615,s,so
616,s,us
617,s,usi
618,s,us
619,s,usa
620,s,as
621,s,es
622,s,is
623,s,as
624,s,asi
625,s,es
626,s,su
627,s,so
628,s,us
629,s,usi
630,s,us
631,s,usa
632,s,as
633,s,es
634,s,is
635,s,as
636,s,asi
637,s,es
638,s,su
639,s,so
640,s,us
641,s,usi
642,s,us
643,s,usa
644,s,as
645,s,es
646,s,is
647,s,as
648,s,asi
649,s,es
650,s,su
651,s,so
652,s,us
653,s,usi
654,s,us
655,s,usa
656,s,as
657,s,es
658,s,is
659,s,as
660,s,asi
661,s,es
662,s,su
663,s,so
664,s,us
665,s,usi
666,s,us
667,s,usa
668,s,as
669,s,es
670,s,is
671,s,as
672,s,asi
673,s,es
674,s,su
675,s,so
676,s,us
677,s,usi
678,s,us
679,s,usa
680,s,as
681,s,es
682,s,is
683,s,as
684,s,asi
685,s,es
686,s,su
687,s,so
688,s,us
689,s,usi
690,s,us
691,s,usa
692,s,as
693,s,es
694,s,is
695,s,as
696,s,asi
697,s,es
698,s,su
699,s,so
700,s,us
701,s,usi
702,s,us
703,s,usa
704,s,as
705,s,es
706,s,is
707,s,as
708,s,asi
709,s,es
710,s,su
711,s,so
712,s,us
713,s,usi
714,s,us
715,s,usa
716,s,as
717,s,es
718,s,is
719,s,as
720,s,asi
721,s,es
722,s,su
723,s,so
724,s,us
725,s,usi
726,s,us
727,s,usa
728,s,as
729,s,es
730,s,is
731,s,as
732,s,asi
733,s,es
734,s,su
735,s,so
736,s,us
737,s,usi
738,s,us
739,s,usa
740,s,as
741,s,es
742,s,is
743,s,as
744,s,asi
745,s,es
746,s,su
747,s,so
748,s,us
749,s,usi
750,s,us
751,s,usa
752,s,as
753,s,es
754,s,is
755,s,as
756,s,asi
757,s,es
758,s,su
759,s,so
760,s,us
761,s,usi
762,s,us
763,s,usa
764,r,uri
765,r,ori
766,r,ra
767,r,ur
768,r,ur
769,r,uri
770,r,ori
771,r,ra
772,r,ur
773,r,ur
774,r,uri
775,r,ori
776,r,ra
777,r,ur
778,r,ur
779,r,uri
780,r,ori
781,r,ra
782,r,ur
783,r,ur
784,r,uri
785,r,ori
786,r,ra
787,r,ur
788,r,ur
789,s,as
790,s,es
791,s,is
792,s,as
793,s,asi
794,s,es
795,s,su
796,s,so
797,s,us
798,s,usi
799,s,us
800,s,usa
801,s,as
802,s,es
803,s,is
804,s,as
805,s,asi
806,s,es
807,s,su
808,s,so
809,s,us
810,s,usi
811,s,us
812,s,usa
813,s,as
814,s,es
815,s,is
816,s,as
817,s,asi
818,s,es
819,s,su
820,s,so
821,s,us
822,s,usi
823,s,us
824,s,usa
825,s,as
826,s,es
827,s,is
828,s,as
829,s,asi
830,s,es
831,s,su
832,s,so
833,s,us
834,s,usi
835,s,us
836,s,usa
837,s,as
838,s,es
839,s,is
840,s,as
841,s,asi
842,s,es
843,s,su
844,s,so
845,s,us
846,s,usi
847,s,us
848,s,usa
849,s,as
850,s,es
851,s,is
852,s,as
853,s,asi
854,s,es
855,s,su
856,s,so
857,s,us
858,s,usi
859,s,us
860,s,usa
861,s,as
862,s,es
863,s,is
864,s,as
865,s,asi
866,s,es
867,s,su
868,s,so
869,s,us
870,s,usi
871,s,us
872,s,usa
873,s,as
874,s,es
875,s,is
876,s,as
877,s,asi
878,s,es
879,s,su
880,s,so
881,s,us
882,s,usi
883,s,us
884,s,usa
885,s,as
886,s,es
887,s,is
888,s,as
889,s,asi
890,s,es
891,s,su
892,s,so
893,s,us
894,s,usi
895,s,us
896,s,usa
897,s,as
898,s,es
899,s,is
900,s,as
901,s,asi
902,s,es
903,s,su
904,s,so
905,s,us
906,s,usi
907,s,us
908,s,usa
909,s,as
910,s,es
911,s,is
912,s,as
913,s,asi
914,s,es
915,s,su
916,s,so
917,s,us
918,s,usi
919,s,us
920,s,usa
921,s,as
922,s,es
923,s,is
924,s,as
925,s,asi
926,s,es
927,s,su
928,s,so
929,s,us
930,s,usi
931,s,us
932,s,usa
933,n,an
934,n,in
935,n,in
936,n,onu
937,n,an
938,n,in
939,n,in
940,n,onu
941,n,an
942,n,in
943,n,in
944,n,onu
945,n,an
946,n,in
947,n,in
948,n,onu
949,ns,anas
950,n,an
951,n,in
952,n,in
953,n,onu
954,n,an
955,n,in
956,n,in
957,n,onu
958,n,an
959,n,in
960,n,in
961,n,onu
962,n,an
963,n,in
964,n,in
965,n,onu
966,n,an
967,n,in
968,n,in
969,n,onu
970,n,an
971,n,in
972,n,in
973,n,onu
974,n,an
975,n,in
976,n,in
977,n,onu
978,n,an
979,n,in
980,n,in
981,n,onu
982,s,as
983,s,es
984,s,is
985,s,as
986,s,asi
987,s,es
988,s,su
989,s,so
990,s,us
991,s,usi
992,s,us
993,s,usa
994,s,as
995,s,es
996,s,is
997,s,as
998,s,asi
999,s,es
1000,s,su
1001,s,so
1002,s,us
1003,s,usi
1004,s,us
1005,s,usa
1006,s,as
1007,s,es
1008,s,is
1009,s,as
1010,s,asi
1011,s,es
1012,s,su
1013,s,so
1014,s,us
1015,s,usi
1016,s,us
1017,s,usa
1018,s,as
1019,s,es
1020,s,is
1021,s,as
1022,s,asi
1023,s,es
1024,s,su
1025,s,so
1026,s,us
1027,s,usi
1028,s,us
1029,s,usa
1030,s,as
1031,s,es
1032,s,is
1033,s,as
1034,s,asi
1035,s,es
1036,s,su
1037,s,so
1038,s,us
1039,s,usi
1040,s,us
1041,s,usa
1042,s,as
1043,s,es
1044,s,is
1045,s,as
1046,s,asi
1047,s,es
1048,s,su
1049,s,so
1050,s,us
1051,s,usi
1052,s,us
1053,s,usa
1054,s,as
1055,s,es
1056,s,is
1057,s,as
1058,s,asi
1059,s,es
1060,s,su
1061,s,so
1062,s,us
1063,s,usi
1064,s,us
1065,s,usa
1066,s,as
1067,s,es
1068,s,is
1069,s,as
1070,s,asi
1071,s,es
1072,s,su
1073,s,so
1074,s,us
1075,s,usi
1076,s,us
1077,s,usa
1078,s,as
1079,s,es
1080,s,is
1081,s,as
1082,s,asi
1083,s,es
1084,s,su
1085,s,so
1086,s,us
1087,s,usi
1088,s,us
1089,s,usa
1090,s,as
1091,s,es
1092,s,is
1093,s,as
1094,s,asi
1095,s,es
1096,s,su
1097,s,so
1098,s,us
1099,s,usi
1100,s,us
1101,s,usa
1102,s,as
1103,s,es
1104,s,is
1105,s,as
1106,s,asi
1107,s,es
1108,s,su
1109,s,so
1110,s,us
1111,s,usi
1112,s,us
1113,s,usa
1114,s,as
1115,s,es
1116,s,is
1117,s,as
1118,s,asi
1119,s,es
1120,s,su
1121,s,so
1122,s,us
1123,s,usi
1124,s,us
1125,s,usa
1126,n,an
1127,n,in
1128,n,in
1129,n,onu
1130,n,an
1131,n,in
1132,n,in
1133,n,onu
1134,n,an
1135,n,in
1136,n,in
1137,n,onu
1138,n,an
1139,n,in
1140,n,in
1141,n,onu
1142,p,apa
1143,p,ip
1144,p,pa
1145,p,po
1146,p,pi
1147,p,apa
1148,p,ip
1149,p,pa
1150,p,po
1151,p,pi
1152,p,apa
1153,p,ip
1154,p,pa
1155,p,po
1156,p,pi
1157,p,apa
1158,p,ip
1159,p,pa
1160,p,po
1161,p,pi
1162,p,apa
1163,p,ip
1164,p,pa
1165,p,po
1166,p,pi
1167,sr,sur
1168,sr,suru
1169,sr,sar
1170,sr,sir
1171,sr,sur
1172,sr,suru
1173,sr,sar
1174,sr,sir
1175,sr,sur
1176,sr,suru
1177,sr,sar
1178,sr,sir
1179,sr,sur
1180,sr,suru
1181,sr,sar
1182,sr,sir
1183,sr,sur
1184,sr,suru
1185,sr,sar
1186,sr,sir
1187,sr,sur
1188,sr,suru
1189,sr,sar
1190,sr,sir
1191,sr,sur
1192,sr,suru
1193,sr,sar
1194,sr,sir
1195,sr,sur
1196,sr,suru
1197,sr,sar
1198,sr,sir
1199,sr,sur
1200,sr,suru
1201,sr,sar
1202,sr,sir
1203,sr,sur
1204,sr,suru
1205,sr,sar
1206,sr,sir
1207,sr,sur
1208,sr,suru
1209,sr,sar
1210,sr,sir
1211,sr,sur
1212,sr,suru
1213,sr,sar
1214,sr,sir
1215,sr,sur
1216,sr,suru
1217,sr,sar
1218,sr,sir
1219,sr,sur
1220,sr,suru
1221,sr,sar
1222,sr,sir
1223,sr,sur
1224,sr,suru
1225,sr,sar
1226,sr,sir
1227,sr,sur
1228,sr,suru
1229,sr,sar
1230,sr,sir
1231,an,oane
1232,smt,asmuti
1233,smt,semet
1234,smt,semeti
1235,smt,sumete
1236,smt,asmuti
1237,smt,semet
1238,smt,semeti
1239,smt,sumete
1240,smt,asmuti
1241,smt,semet
1242,smt,semeti
1243,smt,sumete
1244,smt,asmuti
1245,smt,semet
1246,smt,semeti
1247,smt,sumete
1248,sr,sur
1249,sr,suru
1250,sr,sar
1251,sr,sir
1252,sr,sur
1253,sr,suru
1254,sr,sar
1255,sr,sir
1256,sr,sur
1257,sr,suru
1258,sr,sar
1259,sr,sir
1260,sr,sur
1261,sr,suru
1262,sr,sar
1263,sr,sir
1264,sd,sadu
1265,rt,erete
1266,rt,rata
1267,rt,erete
1268,rt,rata
1269,ar,iar
1270,ar,oar
1271,ar,oar
1272,ar,iar
1273,ar,oar
1274,ar,oar
1275,ar,iar
1276,ar,oar
1277,ar,oar
1278,t,at
1279,t,ate
1280,t,at
1281,t,ate
1282,mr,mara
1283,mr,mare
1284,mr,mera
1285,mr,mire
1286,mr,mara
1287,mr,mare
1288,mr,mera
1289,mr,mire
1290,mr,mara
1291,mr,mare
1292,mr,mera
1293,mr,mire
1294,mr,mara
1295,mr,mare
1296,mr,mera
1297,mr,mire
1298,t,at
1299,t,ate
1300,t,at
1301,t,ate
1302,sr,sur
1303,sr,suru
1304,sr,sar
1305,sr,sir
1306,sr,sur
1307,sr,suru
1308,sr,sar
1309,sr,sir
1310,sr,sur
1311,sr,suru
1312,sr,sar
1313,sr,sir
1314,sr,sur
1315,sr,suru
1316,sr,sar
1317,sr,sir
1318,sr,sur
1319,sr,suru
1320,sr,sar
1321,sr,sir
1322,sr,sur
1323,sr,suru
1324,sr,sar
1325,sr,sir
1326,sr,sur
1327,sr,suru
1328,sr,sar
1329,sr,sir
1330,sr,sur
1331,sr,suru
1332,sr,sar
1333,sr,sir
1334,t,at
1335,t,ate
1336,t,at
1337,t,ate
1338,it,uita
1339,t,at
1340,t,ate
1341,t,at
1342,t,ate
1343,as,iasi
1344,as,ias
1345,as,iasi
1346,as,ias
1347,drd,dord
1348,drd,dridu
1349,drd,drud
1350,drd,dord
1351,drd,dridu
1352,drd,drud
1353,drd,dord
1354,drd,dridu
1355,drd,drud
1356,ds,das
1357,ds,dasa
1358,ds,dasu
1359,ds,das
1360,ds,dasa
1361,ds,dasu
1362,ds,das
1363,ds,dasa
1364,ds,dasu
1365,ds,das
1366,ds,dasa
1367,ds,dasu
1368,ds,das
1369,ds,dasa
1370,ds,dasu
1371,ds,das
1372,ds,dasa
1373,ds,dasu
1374,r,uri
1375,r,ori
1376,r,ra
1377,r,ur
1378,r,ur
1379,r,uri
1380,r,ori
1381,r,ra
1382,r,ur
1383,r,ur
1384,r,uri
1385,r,ori
1386,r,ra
1387,r,ur
1388,r,ur
1389,r,uri
1390,r,ori
1391,r,ra
1392,r,ur
1393,r,ur
1394,r,uri
1395,r,ori
1396,r,ra
1397,r,ur
1398,r,ur
1399,d,ad
1400,d,d
1401,d,da
1402,d,do
1403,d,du
1404,d,de
1405,d,ad
1406,d,d
1407,d,da
1408,d,do
1409,d,du
1410,d,de
1411,d,ad
1412,d,d
1413,d,da
1414,d,do
1415,d,du
1416,d,de
1417,d,ad
1418,d,d
1419,d,da
1420,d,do
1421,d,du
1422,d,de
1423,d,ad
1424,d,d
1425,d,da
1426,d,do
1427,d,du
1428,d,de
1429,d,ad
1430,d,d
1431,d,da
1432,d,do
1433,d,du
1434,d,de
1435,sr,sur
1436,sr,suru
1437,sr,sar
1438,sr,sir
1439,sr,sur
1440,sr,suru
1441,sr,sar
1442,sr,sir
1443,sr,sur
1444,sr,suru
1445,sr,sar
1446,sr,sir
1447,sr,sur
1448,sr,suru
1449,sr,sar
1450,sr,sir
1451,d,ad
1452,d,d
1453,d,da
1454,d,do
1455,d,du
1456,d,de
1457,d,ad
1458,d,d
1459,d,da
1460,d,do
1461,d,du
1462,d,de
1463,d,ad
1464,d,d
1465,d,da
1466,d,do
1467,d,du
1468,d,de
1469,d,ad
1470,d,d
1471,d,da
1472,d,do
1473,d,du
1474,d,de
1475,d,ad
1476,d,d
1477,d,da
1478,d,do
1479,d,du
1480,d,de
1481,d,ad
1482,d,d
1483,d,da
1484,d,do
1485,d,du
1486,d,de
1487,mnt,manta
1488,sr,sur
1489,sr,suru
1490,sr,sar
1491,sr,sir
1492,sr,sur
1493,sr,suru
1494,sr,sar
1495,sr,sir
1496,sr,sur
1497,sr,suru
1498,sr,sar
1499,sr,sir
1500,sr,sur
1501,sr,suru
1502,sr,sar
1503,sr,sir
1504,rz,riza
1505,tr,tare
1506,tr,tiri
1507,tr,tur
1508,tr,utura
1509,tr,tare
1510,tr,tiri
1511,tr,tur
1512,tr,utura
1513,tr,tare
1514,tr,tiri
1515,tr,tur
1516,tr,utura
1517,tr,tare
1518,tr,tiri
1519,tr,tur
1520,tr,utura
1521,n,an
1522,n,in
1523,n,in
1524,n,onu
1525,n,an
1526,n,in
1527,n,in
1528,n,onu
1529,n,an
1530,n,in
1531,n,in
1532,n,onu
1533,n,an
1534,n,in
1535,n,in
1536,n,onu
1537,n,an
1538,n,in
1539,n,in
1540,n,onu
1541,n,an
1542,n,in
1543,n,in
1544,n,onu
1545,n,an
1546,n,in
1547,n,in
1548,n,onu
1549,n,an
1550,n,in
1551,n,in
1552,n,onu
1553,t,at
1554,t,ate
1555,t,at
1556,t,ate
1557,es,ies
1558,es,ies
1559,as,iasi
1560,as,ias
1561,as,iasi
1562,as,ias
1563,drd,dord
1564,drd,dridu
1565,drd,drud
1566,drd,dord
1567,drd,dridu
1568,drd,drud
1569,drd,dord
1570,drd,dridu
1571,drd,drud
1572,sr,sur
1573,sr,suru
1574,sr,sar
1575,sr,sir
1576,sr,sur
1577,sr,suru
1578,sr,sar
1579,sr,sir
1580,sr,sur
1581,sr,suru
1582,sr,sar
1583,sr,sir
1584,sr,sur
1585,sr,suru
1586,sr,sar
1587,sr,sir
1588,ptn,putna
1589,ptn,putin
1590,ptn,putna
1591,ptn,putin
1592,sr,sur
1593,sr,suru
1594,sr,sar
1595,sr,sir
1596,sr,sur
1597,sr,suru
1598,sr,sar
1599,sr,sir
1600,sr,sur
1601,sr,suru
1602,sr,sar
1603,sr,sir
1604,sr,sur
1605,sr,suru
1606,sr,sar
1607,sr,sir
1608,mnt,manta
1609,sr,sur
1610,sr,suru
1611,sr,sar
1612,sr,sir
1613,sr,sur
1614,sr,suru
1615,sr,sar
1616,sr,sir
1617,sr,sur
1618,sr,suru
1619,sr,sar
1620,sr,sir
1621,sr,sur
1622,sr,suru
1623,sr,sar
1624,sr,sir
1625,sr,sur
1626,sr,suru
1627,sr,sar
1628,sr,sir
1629,sr,sur
1630,sr,suru
1631,sr,sar
1632,sr,sir
1633,sr,sur
1634,sr,suru
1635,sr,sar
1636,sr,sir
1637,sr,sur
1638,sr,suru
1639,sr,sar
1640,sr,sir
1641,mnt,manta
1642,smt,asmuti
1643,smt,semet
1644,smt,semeti
1645,smt,sumete
1646,smt,asmuti
1647,smt,semet
1648,smt,semeti
1649,smt,sumete
1650,smt,asmuti
1651,smt,semet
1652,smt,semeti
1653,smt,sumete
1654,smt,asmuti
1655,smt,semet
1656,smt,semeti
1657,smt,sumete
1658,rs,oras
1659,rs,uras
1660,rs,oras
1661,rs,uras
1662,sr,sur
1663,sr,suru
1664,sr,sar
1665,sr,sir
1666,sr,sur
1667,sr,suru
1668,sr,sar
1669,sr,sir
1670,sr,sur
1671,sr,suru
1672,sr,sar
1673,sr,sir
1674,sr,sur
1675,sr,suru
1676,sr,sar
1677,sr,sir
1678,sr,sur
1679,sr,suru
1680,sr,sar
1681,sr,sir
1682,sr,sur
1683,sr,suru
1684,sr,sar
1685,sr,sir
1686,sr,sur
1687,sr,suru
1688,sr,sar
1689,sr,sir
1690,sr,sur
1691,sr,suru
1692,sr,sar
1693,sr,sir
1694,sr,sur
1695,sr,suru
1696,sr,sar
1697,sr,sir
1698,sr,sur
1699,sr,suru
1700,sr,sar
1701,sr,sir
1702,sr,sur
1703,sr,suru
1704,sr,sar
1705,sr,sir
1706,sr,sur
1707,sr,suru
1708,sr,sar
1709,sr,sir
1710,drn,derna
1711,drn,dorna
1712,drn,derna
1713,drn,dorna
1714,tp,tap
1715,tp,tapu
1716,tp,tepa
1717,tp,tipa
1718,tp,tap
1719,tp,tapu
1720,tp,tepa
1721,tp,tipa
1722,tp,tap
1723,tp,tapu
1724,tp,tepa
1725,tp,tipa
1726,tp,tap
1727,tp,tapu
1728,tp,tepa
1729,tp,tipa
1730,sr,sur
1731,sr,suru
1732,sr,sar
1733,sr,sir
1734,sr,sur
1735,sr,suru
1736,sr,sar
1737,sr,sir
1738,sr,sur
1739,sr,suru
1740,sr,sar
1741,sr,sir
1742,sr,sur
1743,sr,suru
1744,sr,sar
1745,sr,sir
1746,mnt,manta
1747,dnr,dunare
1748,n,an
1749,n,in
1750,n,in
1751,n,onu
1752,n,an
1753,n,in
1754,n,in
1755,n,onu
1756,n,an
1757,n,in
1758,n,in
1759,n,onu
1760,n,an
1761,n,in
1762,n,in
1763,n,onu
1764,sd,sadu
1765,tp,tap
1766,tp,tapu
1767,tp,tepa
1768,tp,tipa
1769,tp,tap
1770,tp,tapu
1771,tp,tepa
1772,tp,tipa
1773,tp,tap
1774,tp,tapu
1775,tp,tepa
1776,tp,tipa
1777,tp,tap
1778,tp,tapu
1779,tp,tepa
1780,tp,tipa
1781,sr,sur
1782,sr,suru
1783,sr,sar
1784,sr,sir
1785,sr,sur
1786,sr,suru
1787,sr,sar
1788,sr,sir
1789,sr,sur
1790,sr,suru
1791,sr,sar
1792,sr,sir
1793,sr,sur
1794,sr,suru
1795,sr,sar
1796,sr,sir
1797,pr,pir
1798,pr,piri
1799,pr,puru
1800,pr,pir
1801,pr,piri
1802,pr,puru
1803,pr,pir
1804,pr,piri
1805,pr,puru
1806,mt,ameti
1807,mt,mita
1808,mt,mot
1809,mt,omat
1810,mt,ameti
1811,mt,mita
1812,mt,mot
1813,mt,omat
1814,mt,ameti
1815,mt,mita
1816,mt,mot
1817,mt,omat
1818,mt,ameti
1819,mt,mita
1820,mt,mot
1821,mt,omat
1822,mr,mara
1823,mr,mare
1824,mr,mera
1825,mr,mire
1826,mr,mara
1827,mr,mare
1828,mr,mera
1829,mr,mire
1830,mr,mara
1831,mr,mare
1832,mr,mera
1833,mr,mire
1834,mr,mara
1835,mr,mare
1836,mr,mera
1837,mr,mire
1838,dmn,adamana
1839,dmn,ademeni
1840,dmn,adamana
1841,dmn,ademeni
1842,pit,opait
1843,ds,das
1844,ds,dasa
1845,ds,dasu
1846,ds,das
1847,ds,dasa
1848,ds,dasu
1849,ds,das
1850,ds,dasa
1851,ds,dasu
1852,pd,pod
1853,ptn,putna
1854,ptn,putin
1855,ptn,putna
1856,ptn,putin
1857,dr,adaru
1858,dr,dar
1859,dr,dara
1860,dr,adaru
1861,dr,dar
1862,dr,dara
1863,dr,adaru
1864,dr,dar
1865,dr,dara
1866,pr,pir
1867,pr,piri
1868,pr,puru
1869,pr,pir
1870,pr,piri
1871,pr,puru
1872,pr,pir
1873,pr,piri
1874,pr,puru
1875,mr,mara
1876,mr,mare
1877,mr,mera
1878,mr,mire
1879,mr,mara
1880,mr,mare
1881,mr,mera
1882,mr,mire
1883,mr,mara
1884,mr,mare
1885,mr,mera
1886,mr,mire
1887,mr,mara
1888,mr,mare
1889,mr,mera
1890,mr,mire
1891,as,iasi
1892,as,ias
1893,as,iasi
1894,as,ias
1895,mt,ameti
1896,mt,mita
1897,mt,mot
1898,mt,omat
1899,mt,ameti
1900,mt,mita
1901,mt,mot
1902,mt,omat
1903,mt,ameti
1904,mt,mita
1905,mt,mot
1906,mt,omat
1907,mt,ameti
1908,mt,mita
1909,mt,mot
1910,mt,omat
1911,ar,iar
1912,ar,oar
1913,ar,oar
1914,ar,iar
1915,ar,oar
1916,ar,oar
1917,ar,iar
1918,ar,oar
1919,ar,oar
1920,rd,arad
1921,rd,ard
1922,rd,orad
1923,rd,urda
1924,rd,arad
1925,rd,ard
1926,rd,orad
1927,rd,urda
1928,rd,arad
1929,rd,ard
1930,rd,orad
1931,rd,urda
1932,rd,arad
1933,rd,ard
1934,rd,orad
1935,rd,urda
1936,nr,nera
1937,rn,arin
1938,rn,rona
1939,rn,arin
1940,rn,rona
1941,t,at
1942,t,ate
1943,t,at
1944,t,ate
1945,dr,adaru
1946,dr,dar
1947,dr,dara
1948,dr,adaru
1949,dr,dar
1950,dr,dara
1951,dr,adaru
1952,dr,dar
1953,dr,dara
1954,rt,erete
1955,rt,rata
1956,rt,erete
1957,rt,rata
1958,ttr,titiri
1959,ttr,tutora
1960,ttr,titiri
1961,ttr,tutora
1962,mtt,omatuta
1963,pr,pir
1964,pr,piri
1965,pr,puru
1966,pr,pir
1967,pr,piri
1968,pr,puru
1969,pr,pir
1970,pr,piri
1971,pr,puru
1972,mm,moma
1973,mm,momi
1974,mm,muma
1975,mm,moma
1976,mm,momi
1977,mm,muma
1978,mm,moma
1979,mm,momi
1980,mm,muma
1981,t,at
1982,t,ate
1983,t,at
1984,t,ate
1985,mtr,motru
1986,mtr,mutra
1987,mtr,motru
1988,mtr,mutra
1989,re,orie
1990,tr,tare
1991,tr,tiri
1992,tr,tur
1993,tr,utura
1994,tr,tare
1995,tr,tiri
1996,tr,tur
1997,tr,utura
1998,tr,tare
1999,tr,tiri
2000,tr,tur
2001,tr,utura
2002,tr,tare
2003,tr,tiri
2004,tr,tur
2005,tr,utura
2006,d,ad
2007,d,d
2008,d,da
2009,d,do
2010,d,du
2011,d,de
2012,d,ad
2013,d,d
2014,d,da
2015,d,do
2016,d,du
2017,d,de
2018,d,ad
2019,d,d
2020,d,da
2021,d,do
2022,d,du
2023,d,de
2024,d,ad
2025,d,d
2026,d,da
2027,d,do
2028,d,du
2029,d,de
2030,d,ad
2031,d,d
2032,d,da
2033,d,do
2034,d,du
2035,d,de
2036,d,ad
2037,d,d
2038,d,da
2039,d,do
2040,d,du
2041,d,de
2042,r,uri
2043,r,ori
2044,r,ra
2045,r,ur
2046,r,ur
2047,r,uri
2048,r,ori
2049,r,ra
2050,r,ur
2051,r,ur
2052,r,uri
2053,r,ori
2054,r,ra
2055,r,ur
2056,r,ur
2057,r,uri
2058,r,ori
2059,r,ra
2060,r,ur
2061,r,ur
2062,r,uri
2063,r,ori
2064,r,ra
2065,r,ur
2066,r,ur
2067,t,at
2068,t,ate
2069,t,at
2070,t,ate
2071,s,as
2072,s,es
2073,s,is
2074,s,as
2075,s,asi
2076,s,es
2077,s,su
2078,s,so
2079,s,us
2080,s,usi
2081,s,us
2082,s,usa
2083,s,as
2084,s,es
2085,s,is
2086,s,as
2087,s,asi
2088,s,es
2089,s,su
2090,s,so
2091,s,us
2092,s,usi
2093,s,us
2094,s,usa
2095,s,as
2096,s,es
2097,s,is
2098,s,as
2099,s,asi
2100,s,es
2101,s,su
2102,s,so
2103,s,us
2104,s,usi
2105,s,us
2106,s,usa
2107,s,as
2108,s,es
2109,s,is
2110,s,as
2111,s,asi
2112,s,es
2113,s,su
2114,s,so
2115,s,us
2116,s,usi
2117,s,us
2118,s,usa
2119,s,as
2120,s,es
2121,s,is
2122,s,as
2123,s,asi
2124,s,es
2125,s,su
2126,s,so
2127,s,us
2128,s,usi
2129,s,us
2130,s,usa
2131,s,as
2132,s,es
2133,s,is
2134,s,as
2135,s,asi
2136,s,es
2137,s,su
2138,s,so
2139,s,us
2140,s,usi
2141,s,us
2142,s,usa
2143,s,as
2144,s,es
2145,s,is
2146,s,as
2147,s,asi
2148,s,es
2149,s,su
2150,s,so
2151,s,us
2152,s,usi
2153,s,us
2154,s,usa
2155,s,as
2156,s,es
2157,s,is
2158,s,as
2159,s,asi
2160,s,es
2161,s,su
2162,s,so
2163,s,us
2164,s,usi
2165,s,us
2166,s,usa
2167,s,as
2168,s,es
2169,s,is
2170,s,as
2171,s,asi
2172,s,es
2173,s,su
2174,s,so
2175,s,us
2176,s,usi
2177,s,us
2178,s,usa
2179,s,as
2180,s,es
2181,s,is
2182,s,as
2183,s,asi
2184,s,es
2185,s,su
2186,s,so
2187,s,us
2188,s,usi
2189,s,us
2190,s,usa
2191,s,as
2192,s,es
2193,s,is
2194,s,as
2195,s,asi
2196,s,es
2197,s,su
2198,s,so
2199,s,us
2200,s,usi
2201,s,us
2202,s,usa
2203,s,as
2204,s,es
2205,s,is
2206,s,as
2207,s,asi
2208,s,es
2209,s,su
2210,s,so
2211,s,us
2212,s,usi
2213,s,us
2214,s,usa
2215,j,aj
2216,r,uri
2217,r,ori
2218,r,ra
2219,r,ur
2220,r,ur
2221,r,uri
2222,r,ori
2223,r,ra
2224,r,ur
2225,r,ur
2226,r,uri
2227,r,ori
2228,r,ra
2229,r,ur
2230,r,ur
2231,r,uri
2232,r,ori
2233,r,ra
2234,r,ur
2235,r,ur
2236,r,uri
2237,r,ori
2238,r,ra
2239,r,ur
2240,r,ur
2241,z,z
2242,ns,anas
2243,t,at
2244,t,ate
2245,t,at
2246,t,ate
2247,ru,uriu
2248,tt,tuta
2249,tt,tut
2250,tt,tuta
2251,tt,tut
2252,z,z
2253,s,as
2254,s,es
2255,s,is
2256,s,as
2257,s,asi
2258,s,es
2259,s,su
2260,s,so
2261,s,us
2262,s,usi
2263,s,us
2264,s,usa
2265,s,as
2266,s,es
2267,s,is
2268,s,as
2269,s,asi
2270,s,es
2271,s,su
2272,s,so
2273,s,us
2274,s,usi
2275,s,us
2276,s,usa
2277,s,as
2278,s,es
2279,s,is
2280,s,as
2281,s,asi
2282,s,es
2283,s,su
2284,s,so
2285,s,us
2286,s,usi
2287,s,us
2288,s,usa
2289,s,as
2290,s,es
2291,s,is
2292,s,as
2293,s,asi
2294,s,es
2295,s,su
2296,s,so
2297,s,us
2298,s,usi
2299,s,us
2300,s,usa
2301,s,as
2302,s,es
2303,s,is
2304,s,as
2305,s,asi
2306,s,es
2307,s,su
2308,s,so
2309,s,us
2310,s,usi
2311,s,us
2312,s,usa
2313,s,as
2314,s,es
2315,s,is
2316,s,as
2317,s,asi
2318,s,es
2319,s,su
2320,s,so
2321,s,us
2322,s,usi
2323,s,us
2324,s,usa
2325,s,as
2326,s,es
2327,s,is
2328,s,as
2329,s,asi
2330,s,es
2331,s,su
2332,s,so
2333,s,us
2334,s,usi
2335,s,us
2336,s,usa
2337,s,as
2338,s,es
2339,s,is
2340,s,as
2341,s,asi
2342,s,es
2343,s,su
2344,s,so
2345,s,us
2346,s,usi
2347,s,us
2348,s,usa
2349,s,as
2350,s,es
2351,s,is
2352,s,as
2353,s,asi
2354,s,es
2355,s,su
2356,s,so
2357,s,us
2358,s,usi
2359,s,us
2360,s,usa
2361,s,as
2362,s,es
2363,s,is
2364,s,as
2365,s,asi
2366,s,es
2367,s,su
2368,s,so
2369,s,us
2370,s,usi
2371,s,us
2372,s,usa
2373,s,as
2374,s,es
2375,s,is
2376,s,as
2377,s,asi
2378,s,es
2379,s,su
2380,s,so
2381,s,us
2382,s,usi
2383,s,us
2384,s,usa
2385,s,as
2386,s,es
2387,s,is
2388,s,as
2389,s,asi
2390,s,es
2391,s,su
2392,s,so
2393,s,us
2394,s,usi
2395,s,us
2396,s,usa
2397,r,uri
2398,r,ori
2399,r,ra
2400,r,ur
2401,r,ur
2402,r,uri
2403,r,ori
2404,r,ra
2405,r,ur
2406,r,ur
2407,r,uri
2408,r,ori
2409,r,ra
2410,r,ur
2411,r,ur
2412,r,uri
2413,r,ori
2414,r,ra
2415,r,ur
2416,r,ur
2417,r,uri
2418,r,ori
2419,r,ra
2420,r,ur
2421,r,ur
2422,st,este
2423,st,suta
2424,st,sut
2425,st,este
2426,st,suta
2427,st,sut
2428,st,este
2429,st,suta
2430,st,sut
2431,tmp,timpa
2432,tmp,timpu
2433,tmp,timpa
2434,tmp,timpu
2435,dd,dada
2436,dd,doda
2437,dd,deda
2438,dd,doda
2439,dd,dada
2440,dd,doda
2441,dd,deda
2442,dd,doda
2443,dd,dada
2444,dd,doda
2445,dd,deda
2446,dd,doda
2447,dd,dada
2448,dd,doda
2449,dd,deda
2450,dd,doda
2451,ns,anas
2452,srt,siret
2453,it,uita
2454,rt,erete
2455,rt,rata
2456,rt,erete
2457,rt,rata
2458,sr,sur
2459,sr,suru
2460,sr,sar
2461,sr,sir
2462,sr,sur
2463,sr,suru
2464,sr,sar
2465,sr,sir
2466,sr,sur
2467,sr,suru
2468,sr,sar
2469,sr,sir
2470,sr,sur
2471,sr,suru
2472,sr,sar
2473,sr,sir
2474,n,an
2475,n,in
2476,n,in
2477,n,onu
2478,n,an
2479,n,in
2480,n,in
2481,n,onu
2482,n,an
2483,n,in
2484,n,in
2485,n,onu
2486,n,an
2487,n,in
2488,n,in
2489,n,onu
2490,j,aj
2491,n,an
2492,n,in
2493,n,in
2494,n,onu
2495,n,an
2496,n,in
2497,n,in
2498,n,onu
2499,n,an
2500,n,in
2501,n,in
2502,n,onu
2503,n,an
2504,n,in
2505,n,in
2506,n,onu
2507,s,as
2508,s,es
2509,s,is
2510,s,as
2511,s,asi
2512,s,es
2513,s,su
2514,s,so
2515,s,us
2516,s,usi
2517,s,us
2518,s,usa
2519,s,as
2520,s,es
2521,s,is
2522,s,as
2523,s,asi
2524,s,es
2525,s,su
2526,s,so
2527,s,us
2528,s,usi
2529,s,us
2530,s,usa
2531,s,as
2532,s,es
2533,s,is
2534,s,as
2535,s,asi
2536,s,es
2537,s,su
2538,s,so
2539,s,us
2540,s,usi
2541,s,us
2542,s,usa
2543,s,as
2544,s,es
2545,s,is
2546,s,as
2547,s,asi
2548,s,es
2549,s,su
2550,s,so
2551,s,us
2552,s,usi
2553,s,us
2554,s,usa
2555,s,as
2556,s,es
2557,s,is
2558,s,as
2559,s,asi
2560,s,es
2561,s,su
2562,s,so
2563,s,us
2564,s,usi
2565,s,us
2566,s,usa
2567,s,as
2568,s,es
2569,s,is
2570,s,as
2571,s,asi
2572,s,es
2573,s,su
2574,s,so
2575,s,us
2576,s,usi
2577,s,us
2578,s,usa
2579,s,as
2580,s,es
2581,s,is
2582,s,as
2583,s,asi
2584,s,es
2585,s,su
2586,s,so
2587,s,us
2588,s,usi
2589,s,us
2590,s,usa
2591,s,as
2592,s,es
2593,s,is
2594,s,as
2595,s,asi
2596,s,es
2597,s,su
2598,s,so
2599,s,us
2600,s,usi
2601,s,us
2602,s,usa
2603,s,as
2604,s,es
2605,s,is
2606,s,as
2607,s,asi
2608,s,es
2609,s,su
2610,s,so
2611,s,us
2612,s,usi
2613,s,us
2614,s,usa
2615,s,as
2616,s,es
2617,s,is
2618,s,as
2619,s,asi
2620,s,es
2621,s,su
2622,s,so
2623,s,us
2624,s,usi
2625,s,us
2626,s,usa
2627,s,as
2628,s,es
2629,s,is
2630,s,as
2631,s,asi
2632,s,es
2633,s,su
2634,s,so
2635,s,us
2636,s,usi
2637,s,us
2638,s,usa
2639,s,as
2640,s,es
2641,s,is
2642,s,as
2643,s,asi
2644,s,es
2645,s,su
2646,s,so
2647,s,us
2648,s,usi
2649,s,us
2650,s,usa
2651,sr,sur
2652,sr,suru
2653,sr,sar
2654,sr,sir
2655,sr,sur
2656,sr,suru
2657,sr,sar
2658,sr,sir
2659,sr,sur
2660,sr,suru
2661,sr,sar
2662,sr,sir
2663,sr,sur
2664,sr,suru
2665,sr,sar
2666,sr,sir
2667,pr,pir
2668,pr,piri
2669,pr,puru
2670,pr,pir
2671,pr,piri
2672,pr,puru
2673,pr,pir
2674,pr,piri
2675,pr,puru
2676,j,aj
2677,t,at
2678,t,ate
2679,t,at
2680,t,ate
2681,j,aj
2682,sr,sur
2683,sr,suru
2684,sr,sar
2685,sr,sir
2686,sr,sur
2687,sr,suru
2688,sr,sar
2689,sr,sir
2690,sr,sur
2691,sr,suru
2692,sr,sar
2693,sr,sir
2694,sr,sur
2695,sr,suru
2696,sr,sar
2697,sr,sir
2698,srt,siret
2699,mn,man
2700,mn,mina
2701,mn,oman
2702,mn,man
2703,mn,mina
2704,mn,oman
2705,mn,man
2706,mn,mina
2707,mn,oman
2708,pt,apata
2709,pt,pata
2710,pt,pita
2711,pt,piti
2712,pt,puta
2713,pt,apata
2714,pt,pata
2715,pt,pita
2716,pt,piti
2717,pt,puta
2718,pt,apata
2719,pt,pata
2720,pt,pita
2721,pt,piti
2722,pt,puta
2723,pt,apata
2724,pt,pata
2725,pt,pita
2726,pt,piti
2727,pt,puta
2728,pt,apata
2729,pt,pata
2730,pt,pita
2731,pt,piti
2732,pt,puta
2733,ar,iar
2734,ar,oar
2735,ar,oar
2736,ar,iar
2737,ar,oar
2738,ar,oar
2739,ar,iar
2740,ar,oar
2741,ar,oar
2742,n,an
2743,n,in
2744,n,in
2745,n,onu
2746,n,an
2747,n,in
2748,n,in
2749,n,onu
2750,n,an
2751,n,in
2752,n,in
2753,n,onu
2754,n,an
2755,n,in
2756,n,in
2757,n,onu
2758,pd,pod
2759,j,aj
2760,z,z
2761,p,apa
2762,p,ip
2763,p,pa
2764,p,po
2765,p,pi
2766,p,apa
2767,p,ip
2768,p,pa
2769,p,po
2770,p,pi
2771,p,apa
2772,p,ip
2773,p,pa
2774,p,po
2775,p,pi
2776,p,apa
2777,p,ip
2778,p,pa
2779,p,po
2780,p,pi
2781,p,apa
2782,p,ip
2783,p,pa
2784,p,po
2785,p,pi
2786,t,at
2787,t,ate
2788,t,at
2789,t,ate
2790,n,an
2791,n,in
2792,n,in
2793,n,onu
2794,n,an
2795,n,in
2796,n,in
2797,n,onu
2798,n,an
2799,n,in
2800,n,in
2801,n,onu
2802,n,an
2803,n,in
2804,n,in
2805,n,onu
2806,r,uri
2807,r,ori
2808,r,ra
2809,r,ur
2810,r,ur
2811,r,uri
2812,r,ori
2813,r,ra
2814,r,ur
2815,r,ur
2816,r,uri
2817,r,ori
2818,r,ra
2819,r,ur
2820,r,ur
2821,r,uri
2822,r,ori
2823,r,ra
2824,r,ur
2825,r,ur
2826,r,uri
2827,r,ori
2828,r,ra
2829,r,ur
2830,r,ur
2831,p,apa
2832,p,ip
2833,p,pa
2834,p,po
2835,p,pi
2836,p,apa
2837,p,ip
2838,p,pa
2839,p,po
2840,p,pi
2841,p,apa
2842,p,ip
2843,p,pa
2844,p,po
2845,p,pi
2846,p,apa
2847,p,ip
2848,p,pa
2849,p,po
2850,p,pi
2851,p,apa
2852,p,ip
2853,p,pa
2854,p,po
2855,p,pi
2856,t,at
2857,t,ate
2858,t,at
2859,t,ate
2860,j,aj
