Identical Matches,Pre_Basque_Word,Linear A word,Source
dr,adar,DARE,HT10A
dr,adar,DARE,HT122b
dr,adar,DARE,HT7A
dr,adar,DURA,MA2a
t,aita,TE,HT52
t,aita,TE,HT55a
t,aita,TE,HT62
t,aita,TE,HT63
t,aita,TE,PH Wg 36
t,aita,TE,Wa 1122-1130
t,aita,TE ,HT92
t,aita,TE ,PH12c
t,aita,TI,MA1c
t,aita,TU,KH 91
t,aita,]TE,PK ZA 18
t,aita,]TI[,PYR 2
z,aize,ZA,ZA009
z,aize,ZO[,KH 91
z,aize,ZO[],Wc 3020b
nr,anari,NIRA,HT23B
nr,anari,NURE,HT154Ja
r,ar,RA2,ZA011b
r,ar,RE,HT27b
r,ar,RO,HT85b
r,ar,RO,Wa 1032-1121
r,ar,RO,Wb 2002
r,ar,]RU,MA 10
rd,ardi,RUDI,HT141
rr,arri,RARI,HT122a
rr,arri,RORO,KE Wc 2b
ts,atso,TISA,HT31
ts,atso,TUSU,PK1
ts,atso,]TOSA,PK ZA 16
tt,atta,TATA,KH007a
tt,atta,TATI,HT26A
tt,atta,TETU,HT13
tt,atta,TETU,HT7A
d,da,DA,HT86a
d,da,DA,Wa 1031
d,da,DI,HT85b
dn,dan,DENU,HT11B
kn,eakin,KANA,HT23A
k,eke,KA,HT85b
k,eke,KA,KN Wc 25
k,eke,KA,Wa 1337-1470
k,eke,KU,Wa 1486-1620
k,eke,]KA[,MI 2
sk,esku,SIKA,Wa 1014-1018
sk,esku,SUKI,HT49a
n,ini,NI,HT111a
n,ini,NI,HT28a
n,ini,NI,HT28b
n,ini,NI,HT30
n,ini,NI,HT90
n,ini,NI,KH 88
n,ini,NI,KH 91
n,ini,]NU,PK ZA 4
n,ini,nan,KN ZA 10
ks,kus,KASA,KE1
rn,orein,RONI,HT26B
rn,orein,RUNA,KN2
rn,orein,RUNI,HT25A
s,oso,SA,HT27b
s,oso,SI,HT27b
s,oso,SI,HT30
s,oso,SI,Wa 1175-1266
s,oso,SI4,ZA009
s,oso,]SI,PK ZA 10
sdr,sudur,SIDARE,HT122a
sdr,sudur,SIDARE,HT17
sr,sur,SARA,HT100
sr,sur,SARA,HT102
sr,sur,SARA,HT105
sr,sur,SARA,HT114a
sr,sur,SARA,HT62
sr,sur,SARA,HT94a
sr,sur,SARA,HT99a
sr,sur,SARO,HT17
sr,sur,SARO,HT19
sr,sur,SARO,HT40
sr,sur,SARO,HT9A
sr,sur,SARU,HT86a
sr,sur,SARU,HT86b
sr,sur,SARU,HT94b
sr,sur,SARU,HT95a
sr,sur,SARU,HT95b
sr,sur,SARYA,HT32
sr,sur,SARYA,HT33
sr,sur,SARYA,HT34
sr,sur,SIRU,HT55a
sr,sur,SIRU,TR ZA 1
sr,sur,SIRU[,IO ZA 15
sr,sur,SIRU[,PK ZA 10
sr,sur,SURE,HT32
rt,urte,RETI,MA2b
rt,urte,RETU,HT40
rt,urte,]RUTE,IO ZA 14
rz,urzo,REZA,HT13
rz,urzo,REZA,HT88
