Identical Matches,Thracian_Word,Linear A word,Source
d,ad,DA,HT86a
d,ad,DA,Wa 1031
d,ad,DI,HT85b
dmn,adamana,DAMINU,HT117a
dr,adaru,DARE,HT10A
dr,adaru,DARE,HT122b
dr,adaru,DARE,HT7A
dr,adaru,DURA,MA2a
j,aj,JA[,SY ZA 1
j,aj,JA[,SY Za 1
j,aj,JE,Wa 1282-1321
j,aj,[]JA[,KH 90
j,aj,]JA,KN ZA 18
j,aj,]JA,PK ZA 15
mt,ameti,MITU,HT117a
mt,ameti,MITU,HT135a
ms,amus,MASI,HT 5
n,an,NI,HT111a
n,an,NI,HT28a
n,an,NI,HT28b
n,an,NI,HT30
n,an,NI,HT90
n,an,NI,KH 88
n,an,NI,KH 91
n,an,]NU,PK ZA 4
n,an,nan,KN ZA 10
ns,anas,NASI,AP ZA 2
ns,anas,NASI,HT28b
ns,anas,NUSE[,KN Wa 33b
ndr,andrea,NADARE,HT117a
ndr,andrea,NUDIRA,HT122a
p,apa,PI,HT32
p,apa,PU[,MI 2
p,apa,]PA,KH 91
pd,apadia,PADE,HT122a
pd,apadia,PADE,HT9A
pd,apadia,PADE,HT9B
pd,apadia,PUDE,KH 88
pt,apata,]PATA,KH 79 + 89
rd,arad,RUDI,HT141
rs,aries,RU-SA,HT96a
rn,arin,RONI,HT26B
rn,arin,RUNA,KN2
rn,arin,RUNI,HT25A
s,as,SA,HT27b
s,as,SI,HT27b
s,as,SI,HT30
s,as,SI,Wa 1175-1266
s,as,SI4,ZA009
s,as,]SI,PK ZA 10
smt,asmuti,SAMATI,HT39
smt,asmuti,SIMITA,HT96a
t,at,TE,HT52
t,at,TE,HT55a
t,at,TE,HT62
t,at,TE,HT63
t,at,TE,PH Wg 36
t,at,TE,Wa 1122-1130
t,at,TE ,HT92
t,at,TE ,PH12c
t,at,TI,MA1c
t,at,TU,KH 91
t,at,]TE,PK ZA 18
t,at,]TI[,PYR 2
dd,dada,DIDI,ZA026a
dn,daina,DENU,HT11B
ds,das,DASI,HT10B
ds,das,DASI,HT122a
ds,das,DASI,HT85a
dj,deaj,DUJA,HT7A
drn,derna,DARINA,HT102
drd,dord,DARIDA,HT10A
drd,dord,DARIDA,HT85a
drd,dord,DARIDA,HT93a
drt,drete,DURITE,HT 4
dnr,dunare,DINARO,HT108
rt,erete,RETI,MA2b
rt,erete,RETU,HT40
rt,erete,]RUTE,IO ZA 14
st,este,SITU6,ZA020
jj,jijia,JAJA[,PK ZA 18
jj,jijia,JAJA[,SY ZA 8
jn,joiana,JANA,PH Wc 39a
mn,man,]MINA[,KH 79 + 89
mnt,manta,MINUTE,HT106
mnt,manta,MINUTE,HT86a
mnt,manta,MINUTE,HT95a
mnt,manta,MINUTE,HT95b
mr,mara,MARE,HT55a
mr,mara,MARI,HT128a
mr,mara,MARU,HT117a
mr,mara,MURU,HT 3
mtrt,matreata,MATARITA[,KH 90
mm,moma,MAMA,PH3a
mtr,motru,MATERE,PH15a
nr,narui,NIRA,HT23B
nr,narui,NURE,HT154Ja
mtt,omatuta,MATETI,PK1
pr,pir,PARA,HT128a
pr,pir,PARA,PH3a
pr,pir,PARE,HT 4
pr,pir,PURA,HT116a
pr,pir,PURE,PK ZA 11
prn,pirnaie,PARANE,HT115a
prn,pirnaie,PARANE,HT115b
prs,pres,PAROSU,HT19
ptn,putna,PATANE,HT122a
ptn,putna,PATANE,HT94b
rr,rarau,RARI,HT122a
rr,rarau,RORO,KE Wc 2b
rz,riza,REZA,HT13
rz,riza,REZA,HT88
sd,sadu,SADI,HT111b
sd,sadu,SUDU,HT40
smr,simeria,SAMARO,HT88
srt,siret,SIRUTE,IO ZA 2
srt,siret,SIRUTE,IO Za 2
sr,siriu,SARA,HT100
sr,siriu,SARA,HT102
sr,siriu,SARA,HT105
sr,siriu,SARA,HT114a
sr,siriu,SARA,HT62
sr,siriu,SARA,HT94a
sr,siriu,SARA,HT99a
sr,siriu,SARO,HT17
sr,siriu,SARO,HT19
sr,siriu,SARO,HT40
sr,siriu,SARO,HT9A
sr,siriu,SARU,HT86a
sr,siriu,SARU,HT86b
sr,siriu,SARU,HT94b
sr,siriu,SARU,HT95a
sr,siriu,SARU,HT95b
sr,siriu,SARYA,HT32
sr,siriu,SARYA,HT33
sr,siriu,SARYA,HT34
sr,siriu,SIRU,HT55a
sr,siriu,SIRU,TR ZA 1
sr,siriu,SIRU[,IO ZA 15
sr,siriu,SIRU[,PK ZA 10
sr,siriu,SURE,HT32
srd,siroada,SARADI,HT27A
srd,siroada,SARYADU,HT49a
srd,siroada,SIRUDU,PK ZA 11
sm,soim,SAMA,HT10A
sm,soim,SAMA,HT52
sm,soim,SAMA,HT6B
sm,soim,SAMA5,ZA010b
sm,soim,SUMI,KN28a & KN28b
spm,spaima,SAPIMI,HT29
tp,tapia,TAPA,HT104
tp,tapia,TUPA,HT112a
tr,tare,TARA,HT89
tr,tare,TERI,PH31b
trn,tarina,TARINA,HT10B
tmp,timpa,TAMAPI,ZA021a
ttr,titiri,TATARE,PK1
tt,tuta,TATA,KH007a
tt,tuta,TATI,HT26A
tt,tuta,TETU,HT13
tt,tuta,TETU,HT7A
ttt,tutuiatu,TATITE,PK1
r,uri,RA2,ZA011b
r,uri,RE,HT27b
r,uri,RO,HT85b
r,uri,RO,Wa 1032-1121
r,uri,RO,Wb 2002
r,uri,]RU,MA 10
z,z,ZA,ZA009
z,z,ZO[,KH 91
z,z,ZO[],Wc 3020b
