Numbered_Words,Matched_Words
056nd,gnd
056nd,pnd
021tn,ctn
021tn,ltn
021tn,mtn
021tn,ptn
021tn,stn
dr329,drd
dr329,dre
dr329,drg
dr329,drm
dr329,drn
dr329,drt
dr329,drz
t301,ta
t301,tc
t301,tf
t301,tg
t301,ti
t301,tp
t301,tr
t301,tt
s029188,stn
s029188,saj
s029188,sbr
s029188,sbs
s029188,sbu
s029188,scb
s029188,sci
s029188,scl
s029188,sct
s029188,scu
s029188,sfn
s029188,sgs
s029188,sim
s029188,sit
s029188,slg
s029188,sli
s029188,sln
s029188,sml
s029188,smn
s029188,sms
s029188,smt
s029188,smz
s029188,spr
s029188,spz
s029188,sra
s029188,srb
s029188,src
s029188,sri
s029188,srm
s029188,srp
s029188,srt
s029188,sru
s029188,ssr
s029188,str
s029188,svi
076t,tt
076t,bt
076t,ct
076t,ft
076t,gt
076t,ht
076t,it
076t,lt
076t,mt
076t,pt
076t,rt
076t,st
076t,vt
301dr,bdr
301dr,cdr
301dr,mdr
301dr,vdr
ti123,tic
076t,tt
076t,bt
076t,ct
076t,ft
076t,gt
076t,ht
076t,it
076t,lt
076t,mt
076t,pt
076t,rt
076t,st
076t,vt
301dr,bdr
301dr,cdr
301dr,mdr
301dr,vdr
ti123,tic
305r,tr
305r,ar
305r,br
305r,dr
305r,fr
305r,mr
305r,nr
305r,pr
305r,sr
305r,zr
312t,tt
312t,bt
312t,ct
312t,ft
312t,gt
312t,ht
312t,it
312t,lt
312t,mt
312t,pt
312t,rt
312t,st
312t,vt
100i,ti
100i,ci
100i,di
100i,gi
100i,hi
100i,li
100i,mi
100i,pi
100i,ri
100i,si
100i,vi
r076,rt
r076,ri
r076,ra
r076,rc
r076,rd
r076,re
r076,rl
r076,rm
r076,rn
r076,rs
r076,ru
r076,rz
ds118,dsa
ds118,dsl
ds118,dsv
p131,pt
p131,pr
p131,pi
p131,pc
p131,pd
p131,pl
d123a,dsa
s011,st
s011,sr
s011,si
s011,sb
s011,sd
s011,se
s011,sl
s011,su
s011,sv
r164t,rlt
r164t,rst
r164t,rtt
s076,st
s076,sr
s076,si
s076,sb
s076,sd
s076,se
s076,sl
s076,su
s076,sv
r164t,rlt
r164t,rst
r164t,rtt
312tt,rtt
312tt,ltt
312tt,mtt
j021,ju
302m,rm
302m,lm
302m,mm
302t,tt
302t,bt
302t,ct
302t,ft
302t,gt
302t,ht
302t,it
302t,lt
302t,mt
302t,pt
302t,rt
302t,st
302t,vt
709sr608,bsrb
709sr608,msri
709sr608,psrc
302d,rd
302d,pd
302d,sd
302d,bd
302d,dd
302d,gd
302d,nd
302d,vd
sr120,sra
sr120,srb
sr120,src
sr120,sri
sr120,srm
sr120,srp
sr120,srt
sr120,sru
302d,rd
302d,pd
302d,sd
302d,bd
302d,dd
302d,gd
302d,nd
302d,vd
999r,tr
999r,ar
999r,br
999r,dr
999r,fr
999r,mr
999r,nr
999r,pr
999r,sr
999r,zr
j021,ju
131d,rd
131d,pd
131d,sd
131d,bd
131d,dd
131d,gd
131d,nd
131d,vd
sr303,sra
sr303,srb
sr303,src
sr303,sri
sr303,srm
sr303,srp
sr303,srt
sr303,sru
302t,tt
302t,bt
302t,ct
302t,ft
302t,gt
302t,ht
302t,it
302t,lt
302t,mt
302t,pt
302t,rt
302t,st
302t,vt
999302t,drt
999302t,sct
999302t,sit
999302t,smt
999302t,srt
999302t,rlt
999302t,rst
999302t,rtt
999302t,ltt
999302t,mtt
999302t,bft
999302t,bit
999302t,blt
999302t,brt
999302t,cct
999302t,clt
999302t,cot
999302t,cpt
999302t,crt
999302t,cut
999302t,dlt
999302t,flt
999302t,git
999302t,glt
999302t,gnt
999302t,hbt
999302t,jlt
999302t,jmt
999302t,jnt
999302t,mnt
999302t,mrt
999302t,mst
999302t,nct
999302t,nht
999302t,nmt
999302t,pct
999302t,pit
999302t,ppt
999302t,prt
999302t,trt
999302t,vit
999302t,vnt
999302t,zmt
341p,tp
341p,cp
341p,dp
rs999,rst
rs999,rsc
rs999,rsr
rs999,rsv
ti123,tic
nd331,ndp
t120,ta
t120,tc
t120,tf
t120,tg
t120,ti
t120,tp
t120,tr
t120,tt
p342i,phi
p342i,pti
mr999,mrt
mr999,mrg
mr999,mri
mr999,mrn
mr999,mrr
mr999,mrs
mr999,mru
999sr,ssr
999sr,rsr
999sr,nsr
mt579,mtn
mt579,mtt
mt579,mti
mt579,mtr
rm999,rmf
rm999,rmn
tm999,tmp
tm999,tms
tt999,tti
tt999,ttr
024z,rz
024z,bz
n304p,ndp
n304p,ntp
302up,cup
302mp,tmp
056nn,gnn
056nn,mnn
056nn,gnn
056nn,mnn
012t999,ctn
012t999,ltn
012t999,mtn
012t999,ptn
012t999,stn
012t999,str
012t999,rtt
012t999,ltt
012t999,mtt
012t999,pti
012t999,mti
012t999,mtr
012t999,tti
012t999,ttr
012t999,ntp
012t999,btc
012t999,btl
012t999,btr
012t999,cti
012t999,ctl
012t999,ctr
012t999,fti
012t999,gti
012t999,htg
012t999,htp
012t999,htr
012t999,hts
012t999,ltr
012t999,lts
012t999,ntl
012t999,ntr
012t999,nts
012t999,ptc
012t999,rta
012t999,rtr
012t999,rtz
012t999,vtf
012t999,vti
012t999,vtl
012t999,vtm
012t999,vtr
012t999,vts
s332999,stn
s332999,saj
s332999,sbr
s332999,sbs
s332999,sbu
s332999,scb
s332999,sci
s332999,scl
s332999,sct
s332999,scu
s332999,sfn
s332999,sgs
s332999,sim
s332999,sit
s332999,slg
s332999,sli
s332999,sln
s332999,sml
s332999,smn
s332999,sms
s332999,smt
s332999,smz
s332999,spr
s332999,spz
s332999,sra
s332999,srb
s332999,src
s332999,sri
s332999,srm
s332999,srp
s332999,srt
s332999,sru
s332999,ssr
s332999,str
s332999,svi
t301,ta
t301,tc
t301,tf
t301,tg
t301,ti
t301,tp
t301,tr
t301,tt
ds118,dsa
ds118,dsl
ds118,dsv
056n,rn
056n,an
056n,bn
056n,fn
056n,in
056n,mn
056n,nn
056n,zn
d056n,drn
d056n,din
d056n,dmn
t999t,trt
012tn,ctn
012tn,ltn
012tn,mtn
012tn,ptn
012tn,stn
703rm,drm
703rm,srm
703rm,crm
703rm,frm
703rm,trm
j345,ju
999t,tt
999t,bt
999t,ct
999t,ft
999t,gt
999t,ht
999t,it
999t,lt
999t,mt
999t,pt
999t,rt
999t,st
999t,vt
d013,dr
d013,di
d013,dd
d013,dp
d013,da
d013,dj
d013,dl
d013,ds
d013,dv
du049,dul
028120p,srp
028120p,ndp
028120p,tmp
028120p,ntp
028120p,cup
028120p,htp
028120p,clp
028120p,cnp
028120p,crp
028120p,grp
028120p,tlp
028120p,trp
sr120,sra
sr120,srb
sr120,src
sr120,sri
sr120,srm
sr120,srp
sr120,srt
sr120,sru
999t,tt
999t,bt
999t,ct
999t,ft
999t,gt
999t,ht
999t,it
999t,lt
999t,mt
999t,pt
999t,rt
999t,st
999t,vt
p131122,pnd
p131122,ptn
p131122,pct
p131122,pit
p131122,ppt
p131122,prt
p131122,phi
p131122,pti
p131122,ptc
p131122,pch
p131122,pcl
p131122,pda
p131122,pdd
p131122,pfn
p131122,pgl
p131122,plg
p131122,pls
p131122,plu
p131122,png
p131122,pnz
p131122,ppz
p131122,prc
p131122,prg
p131122,prl
p131122,prr
p131122,prs
p131122,pru
p131122,psc
p131122,pzn
sr122,sra
sr122,srb
sr122,src
sr122,sri
sr122,srm
sr122,srp
sr122,srt
sr122,sru
188d,rd
188d,pd
188d,sd
188d,bd
188d,dd
188d,gd
188d,nd
188d,vd
302u,ru
302u,su
302u,ju
302u,cu
302u,gu
302u,hu
302u,lu
302u,nu
302m,rm
302m,lm
302m,mm
sr120,sra
sr120,srb
sr120,src
sr120,sri
sr120,srm
sr120,srp
sr120,srt
sr120,sru
rt574,rtt
rt574,rta
rt574,rtr
rt574,rtz
mt574,mtn
mt574,mtt
mt574,mti
mt574,mtr
r999999579,razm
r999999579,rcag
r999999579,rche
r999999579,rchs
r999999579,rcin
r999999579,rcor
r999999579,rcta
r999999579,rcvn
r999999579,rdal
r999999579,rdar
r999999579,rdov
r999999579,rdzl
r999999579,rghs
r999999579,rgle
r999999579,rnte
r999999579,rrel
r999999579,rsfg
r999999579,rsli
r999999579,rsnc
r999999579,rstc
r999999579,rste
r999999579,rtmn
r999999579,rtvi
r999999579,rzfc
r999999579,rzsc
t021,ta
t021,tc
t021,tf
t021,tg
t021,ti
t021,tp
t021,tr
t021,tt
n120,nr
n120,nd
n120,nn
n120,nu
n120,na
n120,nc
n120,ng
n120,ns
sr303,sra
sr303,srb
sr303,src
sr303,sri
sr303,srm
sr303,srp
sr303,srt
sr303,sru
s303,st
s303,sr
s303,si
s303,sb
s303,sd
s303,se
s303,sl
s303,su
s303,sv
n999n,nin
t120,ta
t120,tc
t120,tf
t120,tg
t120,ti
t120,tp
t120,tr
t120,tt
086sn,lsn
086sn,msn
086sn,tsn
i301,it
i301,in
pd056,pda
pd056,pdd
t709310,tic
t709310,trt
t709310,tmp
t709310,tms
t709310,tti
t709310,ttr
t709310,trm
t709310,tlp
t709310,trp
t709310,tsn
t709310,tba
t709310,tbn
t709310,tbr
t709310,tci
t709310,tcl
t709310,tfl
t709310,tgi
t709310,tgl
t709310,tgu
t709310,tlb
t709310,tlc
t709310,tlm
t709310,tlu
t709310,tnc
t709310,tpa
t709310,tpe
t709310,tpn
t709310,tpr
t709310,tps
t709310,tra
t709310,trc
t709310,trd
t709310,trf
t709310,trg
t709310,tri
t709310,trn
t709310,trs
t709310,tvl
p999,pt
p999,pr
p999,pi
p999,pc
p999,pd
p999,pl
t602,ta
t602,tc
t602,tf
t602,tg
t602,ti
t602,tp
t602,tr
t602,tt
s001nt,spnt
p999n,ptn
p999n,pfn
p999n,pzn
ss056,ssr
999dr709999,bdrag
999dr,bdr
999dr,cdr
999dr,mdr
999dr,vdr
906z,rz
906z,bz
a301,ar
a301,an
a301,as
a303,ar
a303,an
a303,as
301n,rn
301n,an
301n,bn
301n,fn
301n,in
301n,mn
301n,nn
301n,zn
e082,es
t999,ta
t999,tc
t999,tf
t999,tg
t999,ti
t999,tp
t999,tr
t999,tt
pz999,pzn
n905,nr
n905,nd
n905,nn
n905,nu
n905,na
n905,nc
n905,ng
n905,ns
p905,pt
p905,pr
p905,pi
p905,pc
p905,pd
p905,pl
s802,st
s802,sr
s802,si
s802,sb
s802,sd
s802,se
s802,sl
s802,su
s802,sv
076rr,mrr
076rr,prr
076rr,grr
t999d,trd
p310a,pda
s301r,sbr
s301r,spr
s301r,ssr
s301r,str
p999363,pnd
p999363,ptn
p999363,pct
p999363,pit
p999363,ppt
p999363,prt
p999363,phi
p999363,pti
p999363,ptc
p999363,pch
p999363,pcl
p999363,pda
p999363,pdd
p999363,pfn
p999363,pgl
p999363,plg
p999363,pls
p999363,plu
p999363,png
p999363,pnz
p999363,ppz
p999363,prc
p999363,prg
p999363,prl
p999363,prr
p999363,prs
p999363,pru
p999363,psc
p999363,pzn
m131,mt
m131,mr
m131,mi
m131,mm
m131,mn
m131,mc
m131,mg
m131,ml
m131,ms
d999z,drz
sm999,sml
sm999,smn
sm999,sms
sm999,smt
sm999,smz
t123,ta
t123,tc
t123,tf
t123,tg
t123,ti
t123,tp
t123,tr
t123,tt
999m,rm
999m,lm
999m,mm
p999,pt
p999,pr
p999,pi
p999,pc
p999,pd
p999,pl
m999,mt
m999,mr
m999,mi
m999,mm
m999,mn
m999,mc
m999,mg
m999,ml
m999,ms
999t,tt
999t,bt
999t,ct
999t,ft
999t,gt
999t,ht
999t,it
999t,lt
999t,mt
999t,pt
999t,rt
999t,st
999t,vt
999mi,mmi
999999999j,ghuj
999999999j,sfrj
188mn,smn
188mn,rmn
188mn,dmn
a301,ar
a301,an
a301,as
a651,ar
a651,an
a651,as
a652,ar
a652,an
a652,as
a660,ar
a660,an
a660,as
a658,ar
a658,an
a658,as
a659,ar
a659,an
a659,as
a655,ar
a655,an
a655,as
a658,ar
a658,an
a658,as
a654,ar
a654,an
a654,as
a658,ar
a658,an
a658,as
a655,ar
a655,an
a655,as
a662,ar
a662,an
a662,as
a652,ar
a652,an
a652,as
