Matches,Anatolia_Word,LinearA_Word,Source
pr,pari,PARE,HT 4
pr,pari,PURA,HT116a
pr,pari,PARA,HT128a
pr,pari,PARA,PH3a
pr,pari,PURE,PK ZA 11
krn,kiron,KARONA,HT11A
krn,kiron,KURANU,HT117a
kn,kono,KANA,HT23A
myr,myro,MIYARU,HT35
myr,myro,MIYARE,HT37
myr,myro,MIYARU,HT81
kk,akka,KAKI,HT37
kk,akka,KAKU,HT62
t,at,TE,HT52
t,at,TE,HT55a
t,at,TE,HT62
t,at,TE,HT63
t,at,TE ,HT92
t,at,TI,MA1c
t,at,TE ,PH12c
t,at,TE,Wa 1122-1130
t,at,TE,PH Wg 36
t,at,]TE,PK ZA 18
t,at,TU,KH 91
t,at,]TI[,PYR 2
d,ad,DI,HT85b
d,ad,DA,HT86a
d,ad,DA,Wa 1031
dks,dauokas,DIKISE,HT87
dks,dauokas,DIKISE,HT117b
dwn,dawon,DIWENA,HT93a
rs,aries,RU-SA,HT96a
ks,akis,KASA,KE1
mm,moma,MAMA,PH3a
krs,kiros,KIRASI,TY3b
kmn,kamon,KUMINA,Wc 3014a
