Matches,Hittite_Word,LinearA_Word,Source
pr,pari,PARE,HT 4
pr,pari,PURA,HT116a
pr,pari,PARA,HT128a
pr,pari,PARA,PH3a
pr,pari,PURE,PK ZA 11
pd,apadia,PADE,HT9A
pd,apadia,PADE,HT9B
pd,apadia,PADE,HT122a
pd,apadia,PUDE,KH 88
kns,kanes,KUNISU,HT10A
kns,kanes,KUNISI,HT86a
kns,kanes,KUNISI,HT86b
kns,kanes,KUNISU,HT95a
kns,kanes,KUNISU,HT95b
mz,maz,MEZA,HT10A
mz,maz,MAZU,HT102
mz,maz,MAZA5,ZA010b
kn,kono,KANA,HT23A
s,as,SA,HT27b
s,as,SI,HT27b
s,as,SI,HT30
s,as,SI,Wa 1175-1266
s,as,SI4,ZA009
s,as,]SI,PK ZA 10
p,apa,PI,HT32
p,apa,]PA,KH 91
p,apa,PU[,MI 2
kw,kuwa,KUWA,HT38
nt,nata,NATU,HT47a
nt,nata,NATI,HT97a
nt,nata,NUTE,HT154Ja
nt,nata,]NITA[,ARKJ004a
nt,nata,NUTI1,ZA009
sk,iski,SUKI,HT49a
sk,iski,SIKA,Wa 1014-1018
prn,peran,PARANE,HT115a
prn,peran,PARANE,HT115b
nw,nawa,NUWI,HT115b
mm,moma,MAMA,PH3a
krs,kiros,KIRASI,TY3b
y,ay,]YA,KN ZA 18
y,ay,YA[,SY ZA 1
y,ay,[]YA[,KH 90
mn,man,]MINA[,KH 79 + 89
pt,apata,]PATA,KH 79 + 89
