Matches,Pre_Basque_Word,LinearA_Word,Source
dr,adaru,DARE,HT7A
dr,adaru,DARE,HT10A
dr,adaru,DARE,HT122b
dr,adaru,DURA,MA2a
tt,tuta,TETU,HT7A
tt,tuta,TETU,HT13
tt,tuta,TATI,HT26A
tt,tuta,TATA,KH007a
sr,siriu,SARO,HT9A
sr,siriu,SARO,HT17
sr,siriu,SARO,HT19
sr,siriu,SARYA,HT32
sr,siriu,SURE,HT32
sr,siriu,SARYA,HT33
sr,siriu,SARYA,HT34
sr,siriu,SARO,HT40
sr,siriu,SIRU,HT55a
sr,siriu,SARA,HT62
sr,siriu,SARU,HT86a
sr,siriu,SARU,HT86b
sr,siriu,SARA,HT94a
sr,siriu,SARU,HT94b
sr,siriu,SARU,HT95a
sr,siriu,SARU,HT95b
sr,siriu,SARA,HT99a
sr,siriu,SARA,HT100
sr,siriu,SARA,HT102
sr,siriu,SARA,HT105
sr,siriu,SARA,HT114a
sr,siriu,SIRU[,IO ZA 15
sr,siriu,SIRU[,PK ZA 10
sr,siriu,SIRU,TR ZA 1
dn,dan,DENU,HT11B
rz,riza,REZA,HT13
rz,riza,REZA,HT88
sdr,sudur,SIDARE,HT17
sdr,sudur,SIDARE,HT122a
nr,narui,NIRA,HT23B
nr,narui,NURE,HT154Ja
s,as,SA,HT27b
s,as,SI,HT27b
s,as,SI,HT30
s,as,SI,Wa 1175-1266
s,as,SI4,ZA009
s,as,]SI,PK ZA 10
r,ara,RE,HT27b
r,ara,RO,HT85b
r,ara,RO,Wa 1032-1121
r,ara,RO,Wb 2002
r,ara,RA2,ZA011b
r,ara,]RU,MA 10
n,an,NI,HT28a
n,an,NI,HT28b
n,an,NI,HT30
n,an,NI,HT90
n,an,NI,HT111a
n,an,nan,KN ZA 10
n,an,]NU,PK ZA 4
n,an,NI,KH 88
n,an,NI,KH 91
ts,atso,TISA,HT31
ts,atso,TUSU,PK1
ts,atso,]TOSA,PK ZA 16
an,HT37,ANA,HT37
rt,erete,RETU,HT40
rt,erete,RETI,MA2b
rt,erete,]RUTE,IO ZA 14
sk,iski,SUKI,HT49a
sk,iski,SIKA,Wa 1014-1018
t,at,TE,HT52
t,at,TE,HT55a
t,at,TE,HT62
t,at,TE,HT63
t,at,TE ,HT92
t,at,TI,MA1c
t,at,TE ,PH12c
t,at,TE,Wa 1122-1130
t,at,TE,PH Wg 36
t,at,]TE,PK ZA 18
t,at,TU,KH 91
t,at,]TI[,PYR 2
it,HT62,ITI,HT62
it,IO ZA 12,ITI[,IO ZA 12
k,eke,KA,HT85b
k,eke,KA,Wa 1337-1470
k,eke,KU,Wa 1486-1620
k,eke,KA,KN Wc 25
k,eke,]KA[,MI 2
d,ad,DI,HT85b
d,ad,DA,HT86a
d,ad,DA,Wa 1031
rr,arri,RARI,HT122a
rr,arri,RORO,KE Wc 2b
rd,arad,RUDI,HT141
ks,akis,KASA,KE1
o,Wa 1279-1281,O,Wa 1279-1281
o,KH Wc 2115,O,KH Wc 2115
o,KH Wc 2118,O,KH Wc 2118
z,z,ZO[],Wc 3020b
z,z,ZA,ZA009
z,z,ZO[,KH 91
