Matches,Post_Basque_Word,LinearA_Word,Source
wd,wad,WIDU,HT 5
wd,wad,WADI,HT94b
tt,tuta,TETU,HT7A
tt,tuta,TETU,HT13
tt,tuta,TATI,HT26A
tt,tuta,TATA,KH007a
sr,siriu,SARO,HT9A
sr,siriu,SARO,HT17
sr,siriu,SARO,HT19
sr,siriu,SARYA,HT32
sr,siriu,SURE,HT32
sr,siriu,SARYA,HT33
sr,siriu,SARYA,HT34
sr,siriu,SARO,HT40
sr,siriu,SIRU,HT55a
sr,siriu,SARA,HT62
sr,siriu,SARU,HT86a
sr,siriu,SARU,HT86b
sr,siriu,SARA,HT94a
sr,siriu,SARU,HT94b
sr,siriu,SARU,HT95a
sr,siriu,SARU,HT95b
sr,siriu,SARA,HT99a
sr,siriu,SARA,HT100
sr,siriu,SARA,HT102
sr,siriu,SARA,HT105
sr,siriu,SARA,HT114a
sr,siriu,SIRU[,IO ZA 15
sr,siriu,SIRU[,PK ZA 10
sr,siriu,SIRU,TR ZA 1
nr,narui,NIRA,HT23B
nr,narui,NURE,HT154Ja
s,as,SA,HT27b
s,as,SI,HT27b
s,as,SI,HT30
s,as,SI,Wa 1175-1266
s,as,SI4,ZA009
s,as,]SI,PK ZA 10
r,ara,RE,HT27b
r,ara,RO,HT85b
r,ara,RO,Wa 1032-1121
r,ara,RO,Wb 2002
r,ara,RA2,ZA011b
r,ara,]RU,MA 10
n,an,NI,HT28a
n,an,NI,HT28b
n,an,NI,HT30
n,an,NI,HT90
n,an,NI,HT111a
n,an,nan,KN ZA 10
n,an,]NU,PK ZA 4
n,an,NI,KH 88
n,an,NI,KH 91
sd,sadu,SUDU,HT40
sd,sadu,SADI,HT111b
rt,erete,RETU,HT40
rt,erete,RETI,MA2b
rt,erete,]RUTE,IO ZA 14
nt,nata,NATU,HT47a
nt,nata,NATI,HT97a
nt,nata,NUTE,HT154Ja
nt,nata,]NITA[,ARKJ004a
nt,nata,NUTI1,ZA009
d,ad,DI,HT85b
d,ad,DA,HT86a
d,ad,DA,Wa 1031
tr,tare,TARA,HT89
tr,tare,TERI,PH31b
w,wu,WA,HT98a
w,wu,WA,Wc 3019
rr,arri,RARI,HT122a
rr,arri,RORO,KE Wc 2b
o,Wa 1279-1281,O,Wa 1279-1281
o,KH Wc 2115,O,KH Wc 2115
o,KH Wc 2118,O,KH Wc 2118
ru,ARKJ004a,PITINEA[,ARKJ004a
mn,man,]MINA[,KH 79 + 89
