Matches,Thracian_Word,LinearA_Word,Source
mr,mara,MURU,HT 3
mr,mara,MARE,HT55a
mr,mara,MARU,HT117a
mr,mara,MARI,HT128a
drt,drete,DURITE,HT 4
pr,pari,PARE,HT 4
pr,pari,PURA,HT116a
pr,pari,PARA,HT128a
pr,pari,PARA,PH3a
pr,pari,PURE,PK ZA 11
ms,amus,MASI,HT 5
dj,deaj,DUJA,HT7A
dr,adaru,DARE,HT7A
dr,adaru,DARE,HT10A
dr,adaru,DARE,HT122b
dr,adaru,DURA,MA2a
tt,tuta,TETU,HT7A
tt,tuta,TETU,HT13
tt,tuta,TATI,HT26A
tt,tuta,TATA,KH007a
sr,siriu,SARO,HT9A
sr,siriu,SARO,HT17
sr,siriu,SARO,HT19
sr,siriu,SARYA,HT32
sr,siriu,SURE,HT32
sr,siriu,SARYA,HT33
sr,siriu,SARYA,HT34
sr,siriu,SARO,HT40
sr,siriu,SIRU,HT55a
sr,siriu,SARA,HT62
sr,siriu,SARU,HT86a
sr,siriu,SARU,HT86b
sr,siriu,SARA,HT94a
sr,siriu,SARU,HT94b
sr,siriu,SARU,HT95a
sr,siriu,SARU,HT95b
sr,siriu,SARA,HT99a
sr,siriu,SARA,HT100
sr,siriu,SARA,HT102
sr,siriu,SARA,HT105
sr,siriu,SARA,HT114a
sr,siriu,SIRU[,IO ZA 15
sr,siriu,SIRU[,PK ZA 10
sr,siriu,SIRU,TR ZA 1
pd,apadia,PADE,HT9A
pd,apadia,PADE,HT9B
pd,apadia,PADE,HT122a
pd,apadia,PUDE,KH 88
ar,HT9A,ARU,HT9A
ar,HT49a,ARU,HT49a
ar,HT141,ARI,HT141
ar,KH 79 + 89,ARA[,KH 79 + 89
as,HT9B,ASI,HT9B
as,HT81,ASE,HT81
as,HT93a,ASE,HT93a
as,HT132,ASE,HT132
drd,dord,DARIDA,HT10A
drd,dord,DARIDA,HT85a
drd,dord,DARIDA,HT93a
ds,das,DASI,HT10B
ds,das,DASI,HT85a
ds,das,DASI,HT122a
trn,tarina,TARINA,HT10B
di,HT12,DAI,HT12
rz,riza,REZA,HT13
rz,riza,REZA,HT88
prs,pres,PAROSU,HT19
nr,narui,NIRA,HT23B
nr,narui,NURE,HT154Ja
rn,arin,RUNI,HT25A
rn,arin,RONI,HT26B
rn,arin,RUNA,KN2
s,as,SA,HT27b
s,as,SI,HT27b
s,as,SI,HT30
s,as,SI,Wa 1175-1266
s,as,SI4,ZA009
s,as,]SI,PK ZA 10
r,ara,RE,HT27b
r,ara,RO,HT85b
r,ara,RO,Wa 1032-1121
r,ara,RO,Wb 2002
r,ara,RA2,ZA011b
r,ara,]RU,MA 10
n,an,NI,HT28a
n,an,NI,HT28b
n,an,NI,HT30
n,an,NI,HT90
n,an,NI,HT111a
n,an,nan,KN ZA 10
n,an,]NU,PK ZA 4
n,an,NI,KH 88
n,an,NI,KH 91
ns,nis,NASI,HT28b
ns,nis,NUSE[,KN Wa 33b
ns,nis,NASI,AP ZA 2
p,apa,PI,HT32
p,apa,]PA,KH 91
p,apa,PU[,MI 2
an,HT37,ANA,HT37
smt,asmuti,SAMATI,HT39
smt,asmuti,SIMITA,HT96a
sd,sadu,SUDU,HT40
sd,sadu,SADI,HT111b
rt,erete,RETU,HT40
rt,erete,RETI,MA2b
rt,erete,]RUTE,IO ZA 14
t,at,TE,HT52
t,at,TE,HT55a
t,at,TE,HT62
t,at,TE,HT63
t,at,TE ,HT92
t,at,TI,MA1c
t,at,TE ,PH12c
t,at,TE,Wa 1122-1130
t,at,TE,PH Wg 36
t,at,]TE,PK ZA 18
t,at,TU,KH 91
t,at,]TI[,PYR 2
it,HT62,ITI,HT62
it,IO ZA 12,ITI[,IO ZA 12
d,ad,DI,HT85b
d,ad,DA,HT86a
d,ad,DA,Wa 1031
mnt,manta,MINUTE,HT86a
mnt,manta,MINUTE,HT95a
mnt,manta,MINUTE,HT95b
mnt,manta,MINUTE,HT106
tr,tare,TARA,HT89
tr,tare,TERI,PH31b
es,HT93a,ESE,HT93a
ptn,putna,PATANE,HT94b
ptn,putna,PATANE,HT122a
rs,aries,RU-SA,HT96a
drn,derna,DARINA,HT102
tp,tapia,TAPA,HT104
tp,tapia,TUPA,HT112a
dnr,dunare,DINARO,HT108
mt,ameti,MITU,HT117a
mt,ameti,MITU,HT135a
dmn,adamana,DAMINU,HT117a
pit,HT120,PAITO,HT120
rd,arad,RUDI,HT141
ttr,titiri,TATARE,PK1
mtt,omatuta,MATETI,PK1
mm,moma,MAMA,PH3a
mtr,motru,MATERE,PH15a
re,PH24,ROE,PH24
j,aj,JE,Wa 1282-1321
j,aj,]JA,KN ZA 18
j,aj,]JA,PK ZA 15
j,aj,JA[,SY ZA 1
j,aj,[]JA[,KH 90
j,aj,JA[,SY Za 1
z,z,ZO[],Wc 3020b
z,z,ZA,ZA009
z,z,ZO[,KH 91
ru,ARKJ004a,PITINEA[,ARKJ004a
st,este,SITU6,ZA020
tmp,timpa,TAMAPI,ZA021a
dd,dada,DIDI,ZA026a
srt,siret,SIRUTE,IO ZA 2
srt,siret,SIRUTE,IO Za 2
mn,man,]MINA[,KH 79 + 89
pt,apata,]PATA,KH 79 + 89
