Identical match,Albanian_Word,Linear A word,Source
d,di,DA,HT86a
d,di,DA,Wa 1031
d,di,DI,HT85b
dj,daj,DU-JA,HT7A
dk,dak,DA-KA,Wa 1001-1005
dk,dak,DA-KI,HT6B
dk,dak,]-DU-KA-[,MI 2
dm,dem,DA-ME,HT95a
dm,dem,DA-ME,HT95b
dn,din,DE-NU,HT11B
dr,deri,DA-RE,HT10A
dr,deri,DA-RE,HT122b
dr,deri,DA-RE,HT7A
dr,deri,DU-RA,MA2a
dy,dy,DU-YA,HT7A
j,aj,JA,SY ZA 1
j,aj,JA ,KN ZA 18
j,aj,JA ,PK ZA 15
j,aj,JA-[,SY Za 1
j,aj,JE,Wa 1282-1321
j,aj,[]-JA-[,KH 90
jd,jud,JE-DI,HT122b
jd,jud,JE-DI,HT140
jk,ujk,JA-KI,ZA026a
jm,jam,JA-ME,HT28a
jm,jam,JA-ME,HT28b
jrm,jarm,JA-RE-MI,HT87
jrm,jarm,JU-RA,HT80
k,ka,KA,HT85b
k,ka,KA,Wa 1337-1470
k,ka,KA ,KN Wc 25
k,ka,KU,Wa 1486-1620
k,ka,]-KA-[,MI 2
kd,kade,KA-DI,ZA004a
kd,kade,KA-DI,ZA015b
kd,kade,KI-DA,HT27A
kd,kade,KU-DA,HT122a
kj,kij,KA-JU,HT88
kj,kij,KO-JA,HT119
kk,kuk,KA-KI,HT37
kk,kuk,KA-KU,HT62
kkr,kukur,KE-KI-RU,HT94b
kmr,kamare,KU-MA-RO,HT96a
kmt,kumt,KU-MU-TA,HT51b
kns,kinse,KU-NI-SI,HT86a
kns,kinse,KU-NI-SI,HT86b
kns,kinse,KU-NI-SU,HT10A
kns,kinse,KU-NI-SU,HT95a
kns,kinse,KU-NI-SU,HT95b
knt,kunat,KA-NU-TI,HT97a
knt,kunat,KI-NI-TA,HT27A
kp,kap,KA-PA,HT102
kp,kap,KA-PA,HT105
kp,kap,KA-PA,HT140
kp,kap,KA-PA,HT6A
kp,kap,KA-PA,HT8B
kp,kap,KA-PA,HT94a
kp,kap,KU-PA,HT110a
kp,kap,KU-PA,ZA011a
kp,kap,KU-PI,ZA014
kq,kaq,KA-QA,PK1
kr,ikra,KA-RU,HT75
kr,ikra,KA-RU,HT97a
kr,ikra,KI-RA,HT103
kr,ikra,KI-RA,ZA008
kr,ikra,KI-RO,HT 1
kr,ikra,KI-RO,HT117a
kr,ikra,KI-RO,HT123a
kr,ikra,KI-RO,HT123b
kr,ikra,KI-RO,HT15
kr,ikra,KI-RO,HT34
kr,ikra,KI-RO,HT55a
kr,ikra,KI-RO,HT93b
kr,ikra,KI-RO,HT94b
kr,ikra,KO-RU,HT23A
kr,ikra,KU-RA,ZA020
kr,ikra,KU-RO,HT100
kr,ikra,KU-RO,HT102
kr,ikra,KU-RO,HT104
kr,ikra,KU-RO,HT109
kr,ikra,KU-RO,HT110a
kr,ikra,KU-RO,HT116b
kr,ikra,KU-RO,HT117a
kr,ikra,KU-RO,HT118
kr,ikra,KU-RO,HT119
kr,ikra,KU-RO,HT11A
kr,ikra,KU-RO,HT11B
kr,ikra,KU-RO,HT122a
kr,ikra,KU-RO,HT122b
kr,ikra,KU-RO,HT123a
kr,ikra,KU-RO,HT123b
kr,ikra,KU-RO,HT127b
kr,ikra,KU-RO,HT13
kr,ikra,KU-RO,HT130
kr,ikra,KU-RO,HT27A
kr,ikra,KU-RO,HT39
kr,ikra,KU-RO,HT53b
kr,ikra,KU-RO,HT67
kr,ikra,KU-RO,HT74
kr,ikra,KU-RO,HT88
kr,ikra,KU-RO,HT89
kr,ikra,KU-RO,HT94a
kr,ikra,KU-RO,HT94b
kr,ikra,KU-RO,HT9A
kr,ikra,KU-RO,HT9B
kr,ikra,KU-RO,Ht46a
kr,ikra,KU-RO,PH31a
kr,ikra,KU-RO,ZA015b
krj,krej,KU-RE-JU,HT117b
krr,korr,KA-RE-RO,Wc 3003
krs,koris,KI-RA-SI,TY3b
krt,krat,KI-RI-TA,HT114a
krt,krat,KI-RI-TA,HT121
kry,krye,KU-RE-YU,HT117b
ksr,kosore,KA-SA-RU,HT10B
kt,kot,KA-TI,HT63
kt,kot,KU-TA,HT115b
ky,ky,KA-YU,HT88
mj,maj,MI-JA ,SY ZA 5
mjk,mjek,MA-JU-KU,HT93a
mjk,mjek,MI-JA-KA,HT34
mjr,majere,MI+JA+RU,HT81
mjr,majere,MI-JA-RE,HT37
mjr,majere,MI-JA-RU,HT35
mk,mik,MI-KA,HT135a
mn,man,]-MI-NA-[,KH 79 + 89
mnt,menati,MI-NU-TE,HT106
mnt,menati,MI-NU-TE,HT86a
mnt,menati,MI-NU-TE,HT95a
mnt,menati,MI-NU-TE,HT95b
mr,mare,MA-RE,HT55a
mr,mare,MA-RI,HT128a
mr,mare,MA-RU,HT117a
mr,mare,MU-RU,HT 3
ms,mas,MA-SI,HT 5
mt,mat,MI-TU,HT117a
mt,mat,MI-TU,HT135a
myk,myk,MA-YU-KU,HT93a
myk,myk,MI-YA-KA,HT34
mz,muz,MA-ZA,ZA010b
mz,muz,MA-ZU,HT102
mz,muz,ME-ZA,HT10A
n,an,NA ,KN ZA 10
n,an,NI,HT111a
n,an,NI,HT28a
n,an,NI,HT28b
n,an,NI,HT30
n,an,NI,HT90
n,an,NI,KH 88
n,an,NI,KH 91
n,an,NU ,PK ZA 4
ndr,nder,NA-DA-RE,HT117a
ndr,nder,NU-DI-RA,HT122a
ns,nis,NA-SI,AP ZA 2
ns,nis,NA-SI,HT28b
ns,nis,NU-SE-[,KN Wa 33b
p,pa,PI,HT32
p,pa,PU-[,MI 2
p,pa,]-PA,KH 91
pd,pod,PA-DE,HT122a
pd,pod,PA-DE,HT9A
pd,pod,PA-DE,HT9B
pd,pod,PU-DE,KH 88
pk,pak,PU-KO,HT31
pr,par,PA-RA,HT128a
pr,par,PA-RA,PH3a
pr,par,PA-RE,HT 4
pr,par,PU-RA,HT116a
pr,par,PU-RE ,PK ZA 11
prs,pres,PA-RO-SU,HT19
ps,pas,PA-SE,HT18
ps,pas,PA-SE,HT27b
ps,pas,PI-SA,HT123b
pt,pite,]-PA-TA,KH 79 + 89
ptr,potere,PI-TA-RA,HT96a
ptr,potere,PI-TE-RI ,PK ZA 11
qk,qek,QA-KI-[,KN Wa 33a
qk,qek,QE-KA,HT111a
qk,qek,QE-KA,HT85b
qp,qep,QE-PU,HT9A
qp,qep,QE-PU,HT9B
qr,qer,QA-RO ,SY ZA 11
qrj,qeroj,QE-RA-JA,HT 3
qs,qas,QA-SA,HT111a
r,ar,RA,ZA011b
r,ar,RE,HT27b
r,ar,RO,HT85b
r,ar,RO,Wa 1032-1121
r,ar,RO,Wb 2002
r,ar,]-RU,MA 10
rd,red,RU-DI,HT141
rk,ark,RO-KE,HT98a
rr,err,RA-RI,HT122a
rr,err,RO-RO,KE Wc 2b
rs,ris,RU-SA,HT96a
s,as,SA,HT27b
s,as,SI,HT27b
s,as,SI,HT30
s,as,SI,Wa 1175-1266
s,as,SI,ZA009
s,as,SI ,PK ZA 10
sk,sak,SI-KA,Wa 1014-1018
sk,sak,SU-KI,HT49a
sp,sup,SU-PU,HT31
sp,sup,SU-PU,HT63
st,sot,SI-TU,ZA020
t,et,TE,HT52
t,et,TE,HT55a
t,et,TE,HT62
t,et,TE,HT63
t,et,TE,PH Wg 36
t,et,TE,PH12c
t,et,TE,Wa 1122-1130
t,et,TE ,HT92
t,et,TE ,PK ZA 18
t,et,TI,MA1c
t,et,TU,KH 91
t,et,]-TI-[,PYR 2
tk,take,TA-KE,ZA021a
tk,take,TE-KE,HT85a
tk,take,TE-KI,HT13
tn,tun,TA-NE,HT135b
tn,tun,TA-NI,HT97a
tn,tun,TE-NI,HT6A
tn,tun,TU-NE,HT87
tr,ter,TA-RA,HT89
tr,ter,TE-RI,PH31b
ts,tis,TI-SA,HT31
ts,tis,TO-SA,PK ZA 16
ts,tis,TU-SU,PK1
tt,teto,TA-TA,KH007a
tt,teto,TA-TI,HT26A
tt,teto,TE-TU,HT13
tt,teto,TE-TU,HT7A
tym,tym,TU-YU-MA,HT117a
z,zi,ZA,ZA009
z,zi,ZO-[,KH 91
z,zi,ZO-[],Wc 3020b
zd,zid,ZU-DU,HT99b
