Identical matches,Hamito_Semitic_Word,Linear A word,Source
a,a,A,Wa 1147-1149
a,a,A,SY ZA 12
ad,ad,AD,HT37
ad,ad,AD,HT85a
ad,ad,AD,HT86a
ad,ad,AD,HT88
ad,ad,AD,HT92
ad,ad,AD,HT95b
ad,ad,AD,HT99a
ad,ad,AD,ZA010b
ak,ak,AK,HT38
akr,akr,AKR,HT 2
akr,akr,AKR,HT86a
akr,akr,AKR,HT86b
akr,akr,AKR,ARKH004b 
am,am,AM,MA1b
am,am,AM,ZA007b
am,am,AM,HS Zg 1
an,an,AN,HT37
ar,ar,AR,HT9A
ar,ar,AR,HT49a
ar,ar,AR,HT141
ar,ar,AR[,KH 79 + 89
ary,ary,ARY,HT109
ary,ary,ARY,PH28a
as,as,AS,HT9B
as,as,AS,HT81
as,as,AS,HT93a
as,as,AS,HT132
d,d,D,HT85b
d,d,D,HT86a
d,d,D,Wa 1031
dd,dd,DD,ZA026a
dk,dk,DK,HT6B
dk,dk,DK,Wa 1001-1005
dk,dk,]DK[,MI 2
dm,dm,DM,HT95a
dm,dm,DM,HT95b
dn,dn,DN,HT11B
dr,dr,DR,HT7A
dr,dr,DR,HT10A
dr,dr,DR,HT122b
dr,dr,DR,MA2a
ds,ds,DS,HT10B
ds,ds,DS,HT85a
ds,ds,DS,HT85a
ds,ds,DS,HT122a
dy,dy,DY,HT7A
dmn,dmn,DMN,HT117a
dwn,dwn,DWN,HT93a
dwr,dwr,DWR,HT95a
dwr,dwr,DWR,HT95b
es,es,ES,HT93a
es,es,ES,HT93a
i,i,I,ZA1a
i,i,I,Wa 1150-1174
id,id,ID,ZA011b
id,id,ID,IO ZA 2
id,id,ID,IO ZA 14
id,id,ID,PK ZA 17
id,id,ID,IO Za 2
iry,iry,IRY,HT7A
is,is,IS,ZA006a
it,it,IT,HT62
it,it,IT,IO ZA 12
iy,iy,IY,KN ZA 10
k,k,K,HT85b
k,k,K,Wa 1337-1470
k,k,K,Wa 1486-1620
k,k,K,KN Wc 25
k,k,]K[,MI 2
kd,kd,KD,HT27A
kd,kd,KD,HT122a
kd,kd,KD,ZA004a
kd,kd,KD,ZA015b
kk,kk,KK,HT37
kk,kk,KK,HT62
kkr,kkr,KKR,HT94b
kn,kn,KN,HT23A
kp,kp,KP,HT6A
kp,kp,KP,HT8B
kp,kp,KP,HT94a
kp,kp,KP,HT102
kp,kp,KP,HT105
kp,kp,KP,HT110a
kp,kp,KP,HT140
kp,kp,KP,ZA011a
kp,kp,KP,ZA014
kr,kr,KR,HT 1
kr,kr,KR,HT9A
kr,kr,KR,HT9B
kr,kr,KR,HT11A
kr,kr,KR,HT11B
kr,kr,KR,HT13
kr,kr,KR,HT15
kr,kr,KR,HT23A
kr,kr,KR,HT27A
kr,kr,KR,HT34
kr,kr,KR,HT39
kr,kr,KR,Ht46a
kr,kr,KR,HT53b
kr,kr,KR,HT55a
kr,kr,KR,HT67
kr,kr,KR,HT74
kr,kr,KR,HT75
kr,kr,KR,HT88
kr,kr,KR,HT89
kr,kr,KR,HT93b
kr,kr,KR,HT94a
kr,kr,KR,HT94b
kr,kr,KR,HT94b
kr,kr,KR,HT97a
kr,kr,KR,HT100
kr,kr,KR,HT102
kr,kr,KR,HT103
kr,kr,KR,HT104
kr,kr,KR,HT109
kr,kr,KR,HT110a
kr,kr,KR,HT116b
kr,kr,KR,HT117a
kr,kr,KR,HT117a
kr,kr,KR,HT118
kr,kr,KR,HT119
kr,kr,KR,HT122a
kr,kr,KR,HT122b
kr,kr,KR,HT123a
kr,kr,KR,HT123a
kr,kr,KR,HT123a
kr,kr,KR,HT123a
kr,kr,KR,HT123a
kr,kr,KR,HT123a
kr,kr,KR,HT123b
kr,kr,KR,HT123b
kr,kr,KR,HT127b
kr,kr,KR,HT127b
kr,kr,KR,HT130
kr,kr,KR,PH31a
kr,kr,KR,ZA008
kr,kr,KR,ZA015b
kr,kr,KR,ZA020
ks,ks,KS,KE1
kt,kt,KT,HT63
kt,kt,KT,HT115b
kw,kw,KW,HT38
ky,ky,KY,HT88
krn,krn,KRN,HT11A
krn,krn,KRN,HT117a
krm,krm,KRM,HT115b
krs,krs,KRS,TY3b
kdr,kdr,KDR,HT117a
krk,krk,KRK,HT87
my,my,MY,SY ZA 5
md,md,MD,HT 3
md,md,MD,HT85b
md,md,MD,HT97a
md,md,MD,PH31a
mn,mn,]MN[,KH 79 + 89
mm,mm,MM,PH3a
mq,mq,MQ,HT6A
mr,mr,MR,HT 3
mr,mr,MR,HT55a
mr,mr,MR,HT117a
mr,mr,MR,HT128a
ms,ms,MS,HT 5
mt,mt,MT,HT117a
mt,mt,MT,HT135a
mtr,mtr,MTR,PH15a
mk,mk,MK,HT135a
myr,myr,MYR,HT35
myr,myr,MYR,HT37
myr,myr,MYR,HT81
mdn,mdn,MDN,HT40
n,n,N,HT28a
n,n,N,HT28b
n,n,N,HT28b
n,n,N,HT30
n,n,N,HT90
n,n,N,HT90
n,n,N,HT111a
n,n,N,KN ZA 10
n,n,N,PK ZA 4
n,n,N,KH 88
n,n,N,KH 91
nm,nm,NM,PK1
nm,nm,NM,TR ZA 1
nw,nw,NW,HT115b
ns,ns,NS,HT28b
ns,ns,NS[,KN Wa 33b
ns,ns,NS,AP ZA 2
nr,nr,NR,HT23B
nr,nr,NR,HT154Ja
nt,nt,NT,HT47a
nt,nt,NT,HT97a
nt,nt,NT,HT154Ja
nt,nt,NT,ARKJ004a
nt,nt,NT,ZA009
r,r,R,HT27b
r,r,R,HT27b
r,r,R,HT85b
r,r,R,Wa 1032-1121
r,r,R,Wb 2002
r,r,R,ZA011b
r,r,]R,MA 10
rk,rk,RK,HT98a
ts,ts,TS,HT31
ts,ts,TS,PK1
ts,ts,TS,PK ZA 16
w,w,W,HT98a
w,w,W,Wc 3019
y,y,Y,KN ZA 18
y,y,Y,SY ZA 1
y,y,[]Y[,KH 90
p,p,P,HT32
p,p,]P,KH 91
p,p,P[,MI 2
pr,pr,PR,HT 4
pr,pr,PR,HT116a
pr,pr,PR,HT128a
pr,pr,PR,PH3a
pr,pr,PR,PK ZA 11
pk,pk,PK,HT31
pt,pt,]PT,KH 79 + 89
ps,ps,PS,HT18
ps,ps,PS,HT27b
ps,ps,PS,HT123b
py,py,PY,HT40
pd,pd,PD,HT9A
pd,pd,PD,HT9B
pd,pd,PD,HT122a
pd,pd,PD,KH 88
ptr,ptr,PTR,HT96a
ptr,ptr,PTR,PK ZA 11
qr,qr,QR,SY ZA 11
qrw,qrw,QRW,HT86a
qs,qs,QS,HT111a
qt,qt,QT,HT7A
qt,qt,QT,HT40
rd,rd,RD,HT141
rs,rs,RS,HT96a
s,s,S,HT27b
s,s,S,HT27b
s,s,S,HT27b
s,s,S,HT27b
s,s,S,HT27b
s,s,S,HT30
s,s,S,Wa 1175-1266
s,s,S,ZA009
s,s,S,PK ZA 10
sd,sd,SD,HT40
sd,sd,SD,HT111b
sdy,sdy,SDY,HT126a
sk,sk,SK,HT49a
sk,sk,SK,Wa 1014-1018
sm,sm,SM,HT6B
sm,sm,SM,HT10A
sm,sm,SM,HT52
sm,sm,SM,KN28a & KN28b
sm,sm,SM,ZA010b
sp,sp,SP,HT31
sp,sp,SP,HT63
sq,sq,SQ,HT130
sr,sr,SR,HT9A
sr,sr,SR,HT17
sr,sr,SR,HT19
sr,sr,SR,HT32
sr,sr,SR,HT32
sr,sr,SR,HT33
sr,sr,SR,HT34
sr,sr,SR,HT40
sr,sr,SR,HT55a
sr,sr,SR,HT62
sr,sr,SR,HT86a
sr,sr,SR,HT86b
sr,sr,SR,HT94a
sr,sr,SR,HT94b
sr,sr,SR,HT95a
sr,sr,SR,HT95b
sr,sr,SR,HT99a
sr,sr,SR,HT100
sr,sr,SR,HT102
sr,sr,SR,HT105
sr,sr,SR,HT114a
sr,sr,SR,IO ZA 15
sr,sr,SR,PK ZA 10
sr,sr,SR,TR ZA 1
st,st,ST,ZA020
skn,skn,SKN,HT116a
ssm,ssm,SSM,HT23A
sym,sym,SYM,HT31
skr,skr,SKR,HT8A
t,t,T,HT52
t,t,T,HT55a
t,t,T,HT62
t,t,T,HT63
t,t,T,HT92
t,t,T,MA1c
t,t,T,PH12c
t,t,T,Wa 1122-1130
t,t,T,PH Wg 36
t,t,T,PK ZA 18
t,t,T,KH 91
t,t,]T[,PYR 2
tk,tk,TK,HT13
tk,tk,TK,HT85a
tk,tk,TK,ZA021a
tm,tm,TM,HT94b
tn,tn,TN,HT6A
tn,tn,TN,HT87
tn,tn,TN,HT97a
tn,tn,TN,HT135b
tr,tr,TR,HT89
tr,tr,TR,PH31b
tt,tt,TT,HT7A
tt,tt,TT,HT13
tt,tt,TT,HT26A
tt,tt,TT,KH007a
tw,tw,TW,HT91
tyr,tyr,TYR,HT117a
tp,tp,TP,HT104
tp,tp,TP,HT112a
um,um,UM,HT28b
un,un,UN,HT26A
un,un,UN,PH16a
us,us,US,HT117a
ws,ws,WS,HT113
wd,wd,WD,HT 5
wd,wd,WD,HT94b
wy,wy,WY,PH18a
yd,yd,YD,HT122b
yd,yd,YD,HT140
ym,ym,YM,HT28a
ym,ym,YM,HT28b
yw,yw,YW,KN ZA 18
