,Thracian_Original,Thracian_no_vowels
1,a,
2,abes,bs
3,abrud,brd
4,abtigui,btgi
5,abud,bd
6,abur,br
7,abure,br
8,aburca,brc
9,abus,bs
10,ac,c
11,acata,ct
12,acris,crs
13,ad,d
14,at,t
15,adaru,dr
16,adamana,dmn
17,adea,da
18,ademeni,dmn
19,adia,da
20,adulmeca,dlmc
21,afin,fn
22,ag,g
23,agaua,gu
24,aganau,gnu
25,agas,gs
26,agata,gt
27,agnita,gnt
28,agries,gres
29,agris,grs
30,aj,j
31,as,s
32,es,s
33,is,s
34,aldan,ldn
35,alelei,lli
36,ameti,mt
37,ampoi,mpi
38,amurg,mrg
39,uri,r
40,amus,ms
41,an,n
42,in,n
43,anas,ns
44,anca,nc
45,and,nd
46,andrea,ndra
47,anies,nes
48,anina,nn
49,Antas,Ants
50,antas,nts
51,apa,p
52,apata,pt
53,apadia,pda
54,aprig,prg
55,apuca,pc
56,arad,rd
57,ard,rd
58,aranca,rnc
59,arariel,rrel
60,archis,rchs
61,ardan,rdn
62,ardeal,rdal
63,ardeova,rdov
64,ardud,rdd
65,arduzel,rdzl
66,argea,rga
67,argel,rgl
68,argestru,rgstr
69,arges,rgs
70,arghis,rghs
71,aries,res
72,arin,rn
73,arsinic,rsnc
74,artar,rtr
75,arunca,rnc
76,asau,su
77,asmuti,smt
78,asuaj,saj
79,as,s
80,asi,s
81,ate,t
82,atea,ta
83,atia,ta
84,au,u
85,au,u
86,eu,u
87,avat,vt
88,avrig,vrg
89,azvirli,zvrl
90,baban,bbn
91,bacau,bcu
92,baci,bc
93,bade,bd
94,baicu,bic
95,baier,bir
96,balaur,blur
97,balaure,blur
98,bala,bl
99,bale,bl
100,balica,blc
101,baliga,blg
102,balmos,blms
103,balmus,blms
104,balos,bls
105,balmus,blms
106,bals,bls
107,balsa,bls
108,balta,blt
109,ban,bn
110,bana,bn
111,bandula,bndl
112,bandura,bndr
113,bara,br
114,barita,brt
115,barz,brz
116,barza,brz
117,basarab,bsrb
118,basca,bsc
119,bata,bt
120,batal,btl
121,ba,b
122,bacuiata,bcit
123,baga,bg
124,baicoi,bici
125,bal,bl
126,balai,bli
127,balan,bln
128,balas,bls
129,balabani,blbn
130,balarie,blre
131,baiat,bit
132,balastioaga,blstog
133,balbisa,blbs
134,banica,bnc
135,baran,brn
136,beran,brn
137,baragan,brgn
138,barani,brn
139,basescu,bssc
140,baseu,bsu
141,bascalie,bscle
142,bat,bt
143,becheanu,bchan
144,becheni,bchn
145,bedreag,bdrag
146,berc,brc
147,berea,bra
148,beregata,brgt
149,belci,blc
150,berinde,brnd
151,berindei,brndi
152,biban,bbn
153,bichis,bchs
154,biharea,bhra
155,bihor,bhr
156,birui,bri
157,biigui,bigi
158,bir,br
159,bilc,blc
160,bircoace,brcac
161,birdan,brdn
162,birfa,brf
163,birfi,brf
164,birgau,brgu
165,birlad,brld
166,birsa,brs
167,birzava,brzv
168,birliga,brlg
169,birzoi,brzi
170,blaj,blj
171,blaja,blj
172,blajova,bljv
173,bleg,blg
174,blendea,blnda
175,boamba,bmba
176,boare,bar
177,boarfa,brfa
178,bojdeuca,bjduc
179,bolbosa,blbs
180,bordei,brdi
181,boreasa,brsa
182,borhot,brht
183,bors,brs
184,borsi,brs
185,borta,brt
186,borta,brt
187,bortos,brts
188,bosumfla,bsmfl
189,bot,bt
190,br,br
191,bre,br
192,bri,br
193,brad,brd
194,brabin,brbn
195,bradet,brdt
196,brei,bri
197,brendea,brnda
198,briboi,brbi
199,brie,bre
200,brioala,brol
201,bradisoara,brdsra
202,breaban,brban
203,brina,brn
204,brinca,brnc
205,briu,bru
206,brindusa,brnds
207,brinza,brnz
208,bread,brad
209,broaga,brga
210,broanca,brnca
211,broga,brg
212,brudiu,brdu
213,brudnic,brdnc
214,brusture,brstr
215,brustur,brstr
216,buba,bb
217,buc,bc
218,buburuza,bbrz
219,bucium,bcum
220,bucsi,bcs
221,bucus,bcs
222,bucura,bcr
223,budac,bdc
224,buda,bd
225,budur,bdr
226,budura,bdr
227,buf,bf
228,bufni,bfn
229,buflei,bfli
230,buft,bft
231,bufnita,bfnt
232,buh,bh
233,buha,bh
234,buiestru,bistr
235,bujda,bjd
236,bulhac,blhc
237,bumb,bmb
238,bumben,bmbn
239,bunget,bngt
240,bulgare,blgr
241,bulgar,blgr
242,burca,brc
243,burcea,brca
244,buruc,brc
245,burduf,brdf
246,buric,brc
247,burta,brt
248,burlan,brln
249,buruiana,brin
250,busi,bs
251,bustean,bstan
252,bustihan,bsthn
253,butalca,btlc
254,butoarca,btrca
255,butuc,btc
256,butura,btr
257,buzaina,bzin
258,buza,bz
259,busuma,bsm
260,buzau,bzu
261,buzunar,bznr
262,caciur,ccur
263,caier,cir
264,caraiman,crimn
265,caraman,crmn
266,caransebes,crnsbs
267,caras,crs
268,carimb,crmb
269,carimba,crmb
270,carpati,crpt
271,cata,ct
272,caciula,ccul
273,cafalie,cfle
274,calacea,clca
275,calan,cln
276,calata,clt
277,calbeaza,clbza
278,caliman,clmn
279,calin,cln
280,calus,cls
281,capsuna,cpsn
282,capusa,cps
283,caputa,cpt
284,carand,crnd
285,catun,ctn
286,catur,ctr
287,catula,ctl
288,ceafa,cfa
289,ceahlau,chlau
290,cefa,cf
291,cega,cg
292,chel,chl
293,cheafa,chfa
294,ceia,ci
295,chelbe,chlb
296,chelfani,chlfn
297,chelie,chle
298,chelos,chls
299,chercheli,chrchl
300,chin,chn
301,chirci,chrc
302,chirfosi,chrfs
303,chis,chs
304,chisinau,chsnu
305,cimili,cml
306,cimpoi,cmpi
307,cinteza,cntz
308,cintita,cntt
309,cioaca,coc
310,cioanca,conc
311,cioara,cor
312,cio,co
313,ciu,cu
314,cioban,cobn
315,cioc,coc
316,ciocan,cocn
317,cioclej,coclj
318,ciont,cont
319,ciocoi,ccoi
320,ciolpan,colpn
321,ciopirti,coprt
322,cioplea,copla
323,ciopli,copl
324,ciopraga,coprg
325,ciorap,corp
326,ciot,cot
327,ciorovai,crovi
328,ciubar,cubr
329,ciue,cu
330,ciucas,cucs
331,ciucas,cucs
332,ciucure,ccur
333,ciucur,ccur
334,ciucusoara,ccusra
335,ciuf,cuf
336,ciufa,cuf
337,ciufuli,cful
338,ciuguli,cgul
339,ciuhurez,churz
340,ciul,cul
341,ciulei,culi
342,ciuli,cul
343,ciulin,culn
344,ciuleandra,culndra
345,ciumiza,cumz
346,ciump,cump
347,ciomp,comp
348,ciung,cung
349,ciunt,cunt
350,ciuperca,cuprc
351,ciupi,cup
352,ciurila,curl
353,ciurlan,curln
354,ciut,cut
355,ciuta,cut
356,cilti,clt
357,cinepa,cnp
358,circeie,crci
359,circel,crcl
360,cirlan,crln
361,cirlig,crlg
362,cirliont,crlont
363,cirpa,crp
364,cirsa,crs
365,cirti,crt
366,clinti,clnt
367,clipa,clp
368,clipi,clp
369,cloamba,clmba
370,cluj,clj
371,coacaza,ccza
372,cobori,cbr
373,coca,cc
374,cocirla,ccrl
375,cocioaba,ccob
376,coclauri,cclur
377,coclet,cclt
378,cocoana,ccna
379,cocoasa,ccsa
380,cocon,ccn
381,cocor,ccr
382,cocota,cct
383,codru,cdr
384,colb,clb
385,coliba,clb
386,cop,cp
387,copac,cpc
388,copalnic,cplnc
389,copalau,cplu
390,copand,cpnd
391,copil,cpl
392,coplean,cplan
393,coplesi,cpls
394,copru,cpr
395,copsa,cps
396,copsa mica,cps mc
397,copsa mare,cps mr
398,corcoduc,crcdc
399,corcoli,crcl
400,corconi,crcn
401,corhan,crhn
402,corhani,crhn
403,corobana,crbn
404,corobeata,crbta
405,corozbina,crzbn
406,corunca,crnc
407,coscana,cscn
408,cosmaga,csmg
409,cosmelie,csmle
410,cotarla,ctrl
411,cotoi,cti
412,cotolan,ctln
413,cotor,ctr
414,cotoroanta,ctrnta
415,cotosman,ctsmn
416,cotrobai,ctrbi
417,cotrog,ctrg
418,cotropi,ctrp
419,crap,crp
420,crapan,crpn
421,creanga,crnga
422,crenguta,crngt
423,cret,crt
424,cris,crs
425,crivac,crvc
426,crivat,crvt
427,crimpei,crmpi
428,crimposie,crmpse
429,crincen,crncn
430,cruta,crt
431,cubelc,cblc
432,cuc,cc
433,cuca,cc
434,cucora,ccr
435,cucui,cci
436,cucueti,ccet
437,cucuieti,ccti
438,cucuris,ccrs
439,cugir,cgr
440,culbec,clbc
441,culic,clc
442,cupil,cpl
443,curcubata,crcbt
444,curcubeu,crcbu
445,curma,crm
446,curpan,crpn
447,curpen,crpn
448,cursa,crs
449,custura,cstr
450,custure,cstr
451,cusmelia,csmla
452,cutu,ct
453,d,d
454,da,d
455,dada,dd
456,do,d
457,du,d
458,doda,dd
459,daia,di
460,daica,dic
461,doica,dic
462,duica,dic
463,daina,din
464,doina,din
465,dalu,dl
466,dar,dr
467,dara,dr
468,darie,dre
469,das,ds
470,dasa,ds
471,dasea,dsa
472,dasu,ds
473,dasova,dsv
474,dahula,dhl
475,dainui,dini
476,darima,drm
477,daula,dul
478,dauli,dul
479,de,d
480,deaj,daj
481,deal,dal
482,deda,dd
483,dehula,dhl
484,dej,dj
485,deja,dj
486,derdelus,drdls
487,deretica,drtc
488,derna,drn
489,desbara,dsbr
490,dezbara,dzbr
491,descurca,dscrc
492,desghina,dsghn
493,desmierda,dsmerd
494,dezmierda,dzmerd
495,destrama,dstrm
496,desela,dsl
497,deva,dv
498,deve,dv
499,dezghina,dzghn
500,dibaci,dbc
501,dibui,dbi
502,dimb,dmb
503,dirloaga,drlga
504,dirlog,drlg
505,dirmoz,drmz
506,dirvala,drvl
507,dirz,drz
508,doda,dd
509,dodii,ddi
510,doica,dic
511,doios,dis
512,dolca,dlc
513,dolofan,dlfn
514,domald,dmld
515,dop,dp
516,dord,drd
517,dorna,drn
518,drancea,drnca
519,drencova,drncv
520,drete,drt
521,dridu,drd
522,droaie,drae
523,drog,drg
524,druete,drte
525,drum,drm
526,dughie,dghe
527,duica,dic
528,dulau,dlu
529,duluta,dlt
530,dumbet,dmbt
531,dunare,dnr
532,dunarea,dnra
533,drud,drd
534,durduliu,drdlu
535,dusman,dsmn
536,erete,rt
537,es,s
538,este,st
539,fa,f
540,farima,frm
541,feleac,flac
542,feri,fr
543,fite,ft
544,fisa,fs
545,fite,ft
546,fitii,fti
547,flamind,flmnd
548,fleac,flac
549,fleanca,flnca
550,flecari,flcr
551,flet,flt
552,flit,flt
553,fluier,flir
554,fluiera,flir
555,flutur,fltr
556,fluture,fltr
557,flutura,fltr
558,frisca,frsc
559,foac,fac
560,fufa,ff
561,fuior,fir
562,fulg,flg
563,fulga,flg
564,funigel,fngl
565,gaga,gg
566,gagu,gg
567,gaie,gi
568,gaita,git
569,galat,glt
570,galati,glt
571,gard,grd
572,gardina,grdn
573,gata,gt
574,gagautu,ggtu
575,galagie,glge
576,galbeaza,glbza
577,calbeaza,clbza
578,garina,grn
579,gasi,gs
580,genune,gnn
581,gerune,grn
582,gersa,grs
583,gheara,ghra
584,gheb,ghb
585,gherla,ghrl
586,ghermea,ghrma
587,gherta,ghrt
588,ghibort,ghbrt
589,ghici,ghc
590,ghimpe,ghmp
591,ghin,ghn
592,ghint,ghnt
593,ghioaga,ghog
594,ghionoaie,ghnoae
595,ghionoi,ghnoi
596,ghiont,ghont
597,ghirin,ghrn
598,ghiuj,ghuj
599,giugiuli,gugul
600,giupin,gupn
601,gide,gd
602,gidila,gdl
603,gigilice,gglc
604,gind,gnd
605,gindac,gndc
606,ginguri,gngr
607,ginsac,gnsc
608,girgir,grgr
609,gisca,gsc
610,gluga,glg
611,goanga,gnga
612,gog,gg
613,goga,gg
614,gogiu,ggu
615,gogoasa,ggsa
616,gogoloi,ggli
617,gogon,ggn
618,gogonea,ggna
619,gogorita,ggrt
620,gorun,grn
621,grai,gri
622,grapa,grp
623,gresie,grse
624,grevel,grvl
625,groapa,grpa
626,grui,gri
627,grumaz,grmz
628,grumz,grmz
629,gurura,grr
630,guga,gg
631,gugiuli,ggul
632,gugu,gg
633,guguli,ggl
634,gugul,ggl
635,guguloi,ggli
636,gurghiu,grghu
637,gusa,gs
638,gutii,gti
639,gutui,gti
640,hai,hi
641,haihui,hihi
642,hali,hl
643,hames,hms
644,hat,ht
645,hateg,htg
646,habasesti,hbsst
647,hamesit,hmst
648,harean,hran
649,hasdate,hsdt
650,hasmas,hsms
651,hatas,hts
652,hatis,hts
653,hau,hu
654,hirii,hri
655,hirsi,hrs
656,hirsova,hrsv
657,hoaspa,hspa
658,hobita,hbt
659,hobic,hbc
660,hojma,hjm
661,hojmalau,hjmlu
662,hotar,htr
663,hotari,htr
664,hot,ht
665,hudubaie,hdbi
666,hudubleaja,hdblja
667,huhurez,hhrz
668,hui,hi
669,huiduma,hidm
670,hutupi,htp
671,hututui,htti
672,iar,ar
673,iara,ra
674,iarasi,ras
675,iasi,as
676,ias,as
677,ies,es
678,ibru,br
679,iga,g
680,inau,nu
681,ineu,nu
682,inga,ng
683,inuc,nc
684,inc,nc
685,incot,nct
686,ineu,nu
687,ip,p
688,im,m
689,in,n
690,imnirliga,mnrlg
691,imbuiba,mbib
692,incaiera,ncir
693,incilci,nclc
694,incot,nct
695,incotosmana,nctsmn
696,increti,ncrt
697,incurca,ncrc
698,indelete,ndlt
699,indeletnici,ndltnc
700,indopa,ndp
701,indrea,ndra
702,infofoli,nffl
703,ingaima,ngim
704,ingala,ngl
705,inghina,nghn
706,ingradi,ngrd
707,ingropa,ngrp
708,ingurzi,ngrz
709,ingruzi,ngrz
710,ingorzi,ngrz
711,inhata,nht
712,insaila,nsil
713,inseila,nsil
714,insira,nsr
715,intari,ntr
716,intarita,ntrt
717,intimpina,ntmpn
718,intimpala,ntmpl
719,intrema,ntrm
720,intuneca,ntnc
721,intarca,ntrc
722,intepa,ntp
723,irl,rl
724,irla,rl
725,janghina,jnghn
726,janghinos,jnghns
727,jant,jnt
728,jelt,jlt
729,jilt,jlt
730,jigureasa,jgrsa
731,jijia,jja
732,jintita,jntt
733,jiravi,jrv
734,jiravire,jrvr
735,jiu,ju
736,joiana,jin
737,jumate,jmt
738,jumatate,jmtt
739,jupin,jpn
740,jupui,jpi
741,laba,lb
742,lala,ll
743,labarta,lbrt
744,lapus,lps
745,latos,lts
746,leagan,lgan
747,legana,lgn
748,lehamite,lhmt
749,lehai,lhi
750,lepada,lpd
751,lespede,lspd
752,lesiala,lsla
753,lesie,lse
754,lesina,lsn
755,lete,lt
756,leurda,lurd
757,licari,lcr
758,licurici,lcrc
759,lihni,lhn
760,lotru,ltr
761,maciola,mcol
762,mal,ml
763,maldac,mldc
764,maldar,mldr
765,maldur,mldr
766,malnas,mlns
767,man,mn
768,mandra,mndr
769,mandrea,mndra
770,manea,mna
771,manga,mng
772,mangalia,mngla
773,manta,mnt
774,mantica,mntc
775,mara,mr
776,maramures,mrmrs
777,mare,mr
778,mares,mrs
779,marmanu,mrmn
780,marnatia,mrnta
781,marnatia,mrnta
782,marpad,mrpd
783,mastera,mstr
784,matahala,mthl
785,matahala,mthl
786,mazare,mzr
787,madzire,mdzr
788,ma,m
789,mai,mi
790,masces,mscs
791,macin,mcn
792,maciulie,mcule
793,macris,mcrs
794,madari,mdr
795,magar,mgr
796,magadan,mgdn
797,magadau,mgdu
798,magaoie,mgoe
799,magura,mgr
800,malai,mli
801,maleia,mli
802,maliga,mlg
803,malura,mlr
804,mamaliga,mmlg
805,marar,mrr
806,marat,mrt
807,maracine,mrcn
808,marau,mru
809,marcat,mrct
810,matahai,mthi
811,matreata,mtrta
812,mazariche,mzrch
813,medias,mdas
814,melc,mlc
815,meleag,mlag
816,melean,mlan
817,melegar,mlgr
818,meleia,mli
819,mendre,mndr
820,mendrea,mndra
821,mera,mr
822,meteahna,mthna
823,miarta,mrta
824,mic,mc
825,mierli,merl
826,mieru,mer
827,mierut,mert
828,migai,mgi
829,migali,mgl
830,migalos,mgls
831,mihalt,mhlt
832,mina,mn
833,minea,mna
834,mineu,mnu
835,minau,mnu
836,minis,mns
837,mintia,mnta
838,mintiu,mntu
839,mire,mr
840,mistret,mstrt
841,mistui,msti
842,misca,msc
843,mihni,mhn
844,minz,mnz
845,minzat,mnzt
846,mirii,mri
847,mirlan,mrln
848,mirtan,mrtn
849,misii,msi
850,mita,mt
851,moaca,mca
852,moasa,msa
853,mocafan,mcfn
854,modru,mdr
855,mogildeata,mgldta
856,molid,mld
857,moldova,mldv
858,molid,mld
859,moma,mm
860,momi,mm
861,momiiata,mmit
862,momiie,mmi
863,morman,mrmn
864,mormint,mrmnt
865,moroi,mri
866,mos,ms
867,mosmon,msmn
868,mosmondi,msmnd
869,motan,mtn
870,mototoli,mttl
871,motru,mtr
872,mot,mt
873,motai,mti
874,mugur,mgr
875,mugure,mgr
876,muian,min
877,muie,mi
878,muma,mm
879,mununa,mnn
880,muruna,mrn
881,mures,mrs
882,murg,mrg
883,musat,mst
884,musca,msc
885,musea,msa
886,muslea,msla
887,musu,ms
888,musata,mst
889,muscoi,msci
890,musetel,mstl
891,musina,msn
892,musuroi,msri
893,mutra,mtr
894,nana,nn
895,nandru,nndr
896,nasture,nstr
897,naluca,nlc
898,namete,nmt
899,napirca,nprc
900,napirli,nprl
901,narui,nri
902,necheza,nchz
903,naruja,nrj
904,nene,nn
905,nera,nr
906,nerau,nru
907,nisetru,nstr
908,nistru,nstr
909,nitel,ntl
910,noian,nin
911,noroj,nrj
912,oacar,car
913,oana,na
914,oane,an
915,oar,ar
916,oar,ar
917,oarba,rba
918,oarta,rta
919,ortita,rtt
920,oina,in
921,olat,lt
922,olm,lm
923,olog,lg
924,olt,lt
925,oltet,ltt
926,oltina,ltn
927,omag,mg
928,oman,mn
929,omat,mt
930,omatuta,mtt
931,omu,m
932,onea,na
933,onu,n
934,onescu,nsc
935,opait,pit
936,orad,rd
937,oradea,rda
938,oras,rs
939,uras,rs
940,orascu,rsc
941,orescu,rsc
942,orastica,rstc
943,orastie,rste
944,orceag,rcag
945,oreav,rav
946,ori,r
947,orias,ras
948,orie,re
949,orlat,rlt
950,orlea,rla
951,orliga,rlg
952,orman,rmn
953,oropsi,rps
954,orsova,rsv
955,ortoman,rtmn
956,pala,pl
957,paleu,plu
958,paparuda,pprd
959,paparuga,pprg
960,paring,prng
961,pata,pt
962,pa,p
963,po,p
964,pi,p
965,pacala,pcl
966,pacaleala,pclla
967,pacali,pcl
968,pai,pi
969,palarie,plre
970,pastaie,psti
971,pastra,pstr
972,peleaga,plga
973,peleg,plg
974,peles,pls
975,pereg,prg
976,peret,prt
977,perpeli,prpl
978,persani,prsn
979,pestis,psts
980,pic,pc
981,pici,pc
982,picoti,pct
983,piguli,pgl
984,pipirig,pprg
985,pipota,ppt
986,pir,pr
987,piroti,prt
988,pisc,psc
989,piscoi,psci
990,pisica,psc
991,pistra,pstr
992,pisca,psc
993,pisleag,pslag
994,pita,pt
995,piti,pt
996,pitic,ptc
997,pitigoi,ptgi
998,pilnie,plne
999,pindar,pndr
1000,pindi,pnd
1001,pinza,pnz
1002,piri,pr
1003,piriu,pru
1004,pirjoli,prjl
1005,pirli,prl
1006,pirnaie,prni
1007,pirpali,prpl
1008,plisc,plsc
1009,plug,plg
1010,pod,pd
1011,podea,pda
1012,podidi,pdd
1013,popindac,ppndc
1014,popindau,ppndu
1015,popindoc,ppndc
1016,poponet,ppnt
1017,posomori,psmr
1018,posirca,psrc
1019,posovoaica,psvca
1020,potaie,pti
1021,pozna,pzn
1022,prajina,prjn
1023,prastina,prstn
1024,prepeleac,prplac
1025,prepeleag,prplag
1026,presura,prsr
1027,pres,prs
1028,proca,prc
1029,prohab,prhb
1030,prunc,prnc
1031,prut,prt
1032,puchi,pch
1033,puchina,pchn
1034,puchinos,pchns
1035,pufni,pfn
1036,puhai,phi
1037,pula,pl
1038,punga,png
1039,pupaza,ppz
1040,puru,pr
1041,pururea,prra
1042,pururi,prr
1043,putna,ptn
1044,puta,pt
1045,putin,ptn
1046,ra,r
1047,racila,rcl
1048,ranga,rng
1049,rantie,rnte
1050,rapan,rpn
1051,rarau,rru
1052,rata,rt
1053,razem,rzm
1054,rabda,rbd
1055,racoina,rcin
1056,racovina,rcvn
1057,racuina,rcin
1058,radica,rdc
1059,rafui,rfi
1060,ragaz,rgz
1061,ragalie,rgle
1062,ragusi,rgs
1063,ramf,rmf
1064,rapciuga,rpcug
1065,rapciune,rpcun
1066,rascoage,rscag
1067,rasfug,rsfg
1068,rasti,rst
1069,rasura,rsr
1070,raslui,rsli
1071,ratuti,rtt
1072,reazem,razm
1073,rebra,rbr
1074,rechie,rche
1075,rediu,rdu
1076,radiu,rdu
1077,remf,rmf
1078,retevei,rtvi
1079,reteza,rtz
1080,rezema,rzm
1081,ridica,rdc
1082,riza,rz
1083,rizea,rza
1084,rizescu,rzsc
1085,rizafca,rzfc
1086,rizeafca,rzfca
1087,rimf,rmf
1088,rinca,rnc
1089,rinza,rnz
1090,roaba,rba
1091,rocotea,rcta
1092,roma,rm
1093,rona,rn
1094,rostogoli,rstgl
1095,sabara,sbr
1096,sabasa,sbs
1097,sadu,sd
1098,saia,si
1099,sarbad,srbd
1100,savu,sv
1101,sabisa,sbs
1102,sasar,ssr
1103,sbirlea,sbrla
1104,sburda,sbrd
1105,scai,sci
1106,scafalie,scfle
1107,scalimb,sclmb
1108,scapara,scpr
1109,scarmana,scrmn
1110,schilav,schlv
1111,schilod,schld
1112,schinduc,schndc
1113,schinduf,schndf
1114,scilcia,sclca
1115,sclai,scli
1116,sclipet,sclpt
1117,sclipi,sclp
1118,sclipui,sclpi
1119,scoaba,scba
1120,scobi,scb
1121,scociori,sccor
1122,scorb,scrb
1123,scorbura,scrbr
1124,scormoni,scrmn
1125,scrinciob,scrncob
1126,scrinti,scrnt
1127,scorus,scrs
1128,scrum,scrm
1129,scula,scl
1130,scurma,scrm
1131,scut,sct
1132,searbad,srbad
1133,sebe,sb
1134,sebes,sbs
1135,semenic,smnc
1136,semet,smt
1137,semeti,smt
1138,sfarima,sfrm
1139,sfirc,sfrc
1140,sfirii,sfri
1141,sfirla,sfrl
1142,sfriji,sfrj
1143,sibiu,sbu
1144,simeria,smra
1145,siminic,smnc
1146,sirebi,srb
1147,siret,srt
1148,siriu,sru
1149,simbur,smbr
1150,simbure,smbr
1151,sinziana,snzna
1152,sinziene,snzne
1153,sirma,srm
1154,slai,sli
1155,smintina,smntn
1156,smotoci,smtc
1157,soi,si
1158,somes,sms
1159,somn,smn
1160,somuz,smz
1161,spaima,spim
1162,spelb,splb
1163,spint,spnt
1164,spinz,spnz
1165,spinzura,spnzr
1166,sprie,spre
1167,spuza,spz
1168,stapin,stpn
1169,starnut,strnt
1170,stejar,stjr
1171,steregie,strge
1172,sterp,strp
1173,stingher,stnghr
1174,stinghie,stnghe
1175,stimpi,stmp
1176,stina,stn
1177,stinca,stnc
1178,sting,stng
1179,stingaci,stngc
1180,strai,stri
1181,strama,strm
1182,straghiata,strghta
1183,strei,stri
1184,stremt,strmt
1185,strepede,strpd
1186,strugur,strgr
1187,strugure,strgr
1188,strunga,strng
1189,su,s
1190,suceagu,scag
1191,suceava,scva
1192,suciu,scu
1193,sugruma,sgrm
1194,sugusa,sgs
1195,sulina,sln
1196,sumete,smt
1197,sur,sr
1198,surpa,srp
1199,suru,sr
1200,suta,st
1201,sale,sl
1202,sar,sr
1203,sicula,scl
1204,sieu,se
1205,simand,smnd
1206,simian,sman
1207,simleu,smlu
1208,sir,sr
1209,siria,sra
1210,siroada,srda
1211,siroi,sri
1212,sirimpiu,srmpu
1213,so,s
1214,soim,sim
1215,sopirla,sprl
1216,soric,src
1217,sorici,src
1218,sova,sv
1219,sovai,svi
1220,sparli,sprl
1221,sperla,sprl
1222,steaza,stza
1223,sterpeli,strpl
1224,stira,str
1225,stiulete,stult
1226,subred,sbrd
1227,sufan,sfn
1228,sui,si
1229,suita,sit
1230,suliga,slg
1231,sumol,sml
1232,supuri,spr
1233,surianu,sran
1234,sut,st
1235,tabarcea,tbrca
1236,tagla,tgl
1237,taia,ti
1238,talaba,tlb
1239,talma,tlm
1240,talpa,tlp
1241,taposnic,tpsnc
1242,tarcau,trcu
1243,tarcea,trca
1244,tare,tr
1245,tarnita,trnt
1246,tabirca,tbrc
1247,talanita,tlnt
1248,tapalaga,tplg
1249,tapalagos,tplgs
1250,tapalos,tpls
1251,tapanos,tpns
1252,tapia,tpa
1253,tapsan,tpsn
1254,tapsi,tps
1255,tarim,trm
1256,tartanet,trtnt
1257,tartarau,trtru
1258,tartaria,trtra
1259,tartia,trta
1260,tavali,tvl
1261,tavalug,tvlg
1262,teafar,tfar
1263,teapa,tpa
1264,tearfa,trfa
1265,tega,tg
1266,terfeli,trfl
1267,tibru,tbr
1268,timis,tms
1269,timisoara,tmsra
1270,tipie,tpe
1271,titirez,ttrz
1272,titiri,ttr
1273,tilhar,tlhr
1274,timpa,tmp
1275,timpit,tmpt
1276,timpu,tmp
1277,tirfa,trf
1278,tirg,trg
1279,tiri,tr
1280,tirii,tri
1281,tirs,trs
1282,tirsi,trs
1283,toaipa,tpa
1284,topor,tpr
1285,tranis,trns
1286,trascau,trscu
1287,trisca,trsc
1288,trinti,trnt
1289,trintor,trntr
1290,trop,trp
1291,tropai,trpi
1292,trotus,trts
1293,trulisca,trlsc
1294,tufa,tf
1295,tufli,tfl
1296,tulca,tlc
1297,tulcea,tlca
1298,tuleu,tlu
1299,tur,tr
1300,turda,trd
1301,turdas,trds
1302,turia,tra
1303,turt,trt
1304,turulung,trlng
1305,tuta,tt
1306,taga,tg
1307,tagu,tg
1308,tap,tp
1309,tapin,tpn
1310,tapina,tpn
1311,tapu,tp
1312,tarc,trc
1313,tarcu,trc
1314,tacalie,tcle
1315,tarina,trn
1316,tarus,trs
1317,teapa,tpa
1318,tebea,tba
1319,teghea,tgha
1320,teghes,tghs
1321,tepa,tp
1322,terbea,trba
1323,tibana,tbn
1324,tibles,tbls
1325,tibuleac,tblac
1326,tic,tc
1327,tica,tc
1328,ticla,tcl
1329,ticlean,tclan
1330,ticlete,tclt
1331,ticu,tc
1332,ticui,tci
1333,tigaie,tgi
1334,tigau,tgu
1335,tigii,tgi
1336,tipa,tp
1337,tipar,tpr
1338,tistar,tstr
1339,titei,tti
1340,timburus,tmbrs
1341,tinc,tnc
1342,tisni,tsn
1343,toi,ti
1344,tugui,tgi
1345,tuica,tic
1346,tumburus,tmbrs
1347,turca,trc
1348,turcan,trcn
1349,turloi,trli
1350,turtur,trtr
1351,turture,trtr
1352,tut,tt
1353,tutaneasca,ttnsca
1354,tutora,ttr
1355,tutui,tti
1356,tutuian,ttin
1357,tutuiatu,ttit
1358,uita,it
1359,ulea,la
1360,ulies,les
1361,uliu,lu
1362,ului,li
1363,undrea,ndra
1364,ur,r
1365,ur,r
1366,urca,rc
1367,urcior,rcor
1368,urda,rd
1369,urdes,rds
1370,urdina,rdn
1371,urdoare,rdar
1372,uria,ra
1373,urias,ras
1374,uric,rc
1375,uriu,ru
1376,urlea,rla
1377,urleta,rlt
1378,urloi,rli
1379,uroi,ri
1380,us,s
1381,usi,s
1382,us,s
1383,usa,s
1384,utura,tr
1385,vai,vi
1386,varza,vrz
1387,vaslui,vsli
1388,vatala,vtl
1389,vatra,vtr
1390,vata,vt
1391,vagauna,vgun
1392,vaita,vit
1393,vapaie,vpi
1394,varsand,vrsnd
1395,vataf,vtf
1396,vatama,vtm
1397,vatasi,vts
1398,vatrai,vtri
1399,vatui,vti
1400,vedea,vda
1401,videle,vdl
1402,vidraru,vdrr
1403,vidra,vdr
1404,vidu,vd
1405,viezure,vzre
1406,vijelie,vjle
1407,vinga,vng
1408,vinta,vnt
1409,vintu,vnt
1410,vipie,vpe
1411,virghis,vrghs
1412,viroaga,vrga
1413,viscol,vscl
1414,visau,vsu
1415,viseu,vsu
1416,vizuina,vzin
1417,vij,vj
1418,vijii,vji
1419,vilvoi,vlvi
1420,virluga,vrlg
1421,vorba,vrb
1422,vrancea,vrnca
1423,vreasc,vrasc
1424,vui,vi
1425,vuia,vi
1426,z,z
1427,zabra,zbr
1428,zalau,zlu
1429,zarand,zrnd
1430,zara,zr
1431,zar,zr
1432,zbant,zbnt
1433,zbint,zbnt
1434,zbintui,zbnti
1435,zbirlea,zbrla
1436,zbirli,zbrl
1437,zborsi,zbrs
1438,zbughi,zbgh
1439,zburda,zbrd
1440,zburli,zbrl
1441,zdreli,zdrl
1442,zdrosi,zdrs
1443,zdruncina,zdrncn
1444,zeberi,zbr
1445,zeghe,zgh
1446,zer,zr
1447,zerind,zrnd
1448,zestre,zstr
1449,zgarda,zgrd
1450,zgau,zgu
1451,zgiltii,zglti
1452,zgindari,zgndr
1453,zgiria,zgra
1454,zgirma,zgrm
1455,zgrabunta,zgrbnt
1456,zgreptana,zgrptn
1457,zgribuli,zgrbl
1458,zgudui,zgdi
1459,zimbru,zmbr
1460,zimt,zmt
1461,zina,zn
1462,zirna,zrn
1463,zmeu,zmu
1464,zmeur,zmur
1465,zmeura,zmur
1466,zoaie,zae
1467,zorzoane,zrzan
1468,zurzur,zrzr
1469,zvirli,zvrl
1470,zvirluga,zvrlg
