,Pre_Basque_Original,Pre_Basque_no_vowels
0,Pre-Basque,Pr-Bsqe
1,anatzi,ntz
2,anantzi,nntz
3,enantzi,nntz
4,enatzi,ntz
5,anari,nr
6,adar,dr
7,hagin,hgn
8,agin,gn
9,ainnala,innl
10,ennala,nnl
11,ellana,lln
12,ellane,lln
13,aillana,illn
14,atta,tt
15,aita,it
16,haize,hiz
17,aize,iz
18,anizpa,nzp
19,anizba,nzb
20,alla,ll
21,alle,ll
22,anba,nb
23,annaea,nne
24,annaia,nni
25,annane,nnn
26,annanea,nnna
27,handi,hnd
28,andi,nd
29,aho,h
30,ao,o
31,ar,r
32,har,hr
33,hor,hr
34,or,r
35,ardi,rd
36,ardano,rdn
37,argi,rg
38,arrats,rrts
39,arreba,rrb
40,harri,hrr
41,arri,rr
42,har,hr
43,ate,t
44,atso,ts
45,atz,tz
46,hatz,htz
47,haur,hur
48,aur,ur
49,ba,b
50,barre,brr
51,baso,bs
52,bederatzu,bdrtz
53,behe,bh
54,bee,be
55,begi,bg
56,bei,bi
57,behi,bh
58,berarri,brrr
59,bellaun,bllun
60,behor,bhr
61,beor,bor
62,ber,br
63,bero,br
64,belo,bl
65,berun,brn
66,belun,bln
67,beraun,brun
68,belaun,blun
69,biga,bg
70,bil,bl
71,bill,bll
72,bizi,bz
73,bortz,brtz
74,burdina,brdn
75,buru,br
76,buztan,bztn
77,buztarri,bztrr
78,da,d
79,dan,dn
80,edo,d
81,hego,hg
82,ego,g
83,hegal,hgl
84,egal,gl
85,egarr-i,grr-
86,gin,gn
87,gos,gs
88,gotz,gtz
89,egu,g
90,egu-n,g-n
91,egur,gr
92,eke,k
93,ekee,ke
94,ban,bn
95,e-nezun,-nzn
96,eri,r
97,eli,l
98,erle,rl
99,ero,r
100,ro,r
101,ror,rr
102,errain,rrin
103,erre,rr
104,herri,hrr
105,erri,rr
106,errun,rrn
107,eserran,srrn
108,eseran,srn
109,esran,srn
110,esku,sk
111,ezene,zn
112,eta,t
113,torr,trr
114,etse,ts
115,etze,tz
116,eulli,ull
117,euri,ur
118,eze,z
119,enazur,nzr
120,go-,g-
121,gar-,gr-
122,gaitz,gitz
123,gar,gr
124,garbi,grb
125,gazte,gzt
126,gibel,gbl
127,gizon,gzn
128,gorr-i,grr-
129,gu,g
130,hi,h
131,ibai,bi
132,bil,bl
133,bill,bll
134,ini,n
135,kus,ks
136,hil,hl
137,illa,ll
138,ille,ll
139,ulle,ll
140,illun,lln
141,zinnagurri,znngrr
142,innagurri,nngrr
143,innaurri,nnurr
144,e-re-ki,-r-k
145,e-de-ki,-d-k
146,e-reki-i,-rk-
147,e-dek-i,-dk-
148,hili,hl
149,ili,l
150,hirur,hrr
151,irur,rr
152,itsaso,tss
153,sur,sr
154,itsu,ts
155,hitz,htz
156,itz,tz
157,izan,zn
158,zan,zn
159,izar,zr
160,ze,z
161,izen,zn
162,izu,z
163,eakin,akn
164,e-elki,-lk
165,an-,n-
166,oCan,Cn
167,oan,an
168,labur,lbr
169,larru,lrr
170,laster,lstr
171,laur,lur
172,lo,l
173,lur,lr
174,luze,lz
175,bene,bn
176,bendi,bnd
177,bini,bn
178,bin,bn
179,butz,btz
180,botz,btz
181,negu-,ng-
182,neska,nsk
183,ni,n
184,no,n
185,odol,dl
186,oin,in
187,bon,bn
188,on,n
189,orein,rin
190,hor-i,hr-
191,or-i,r-
192,oro,r
193,horri,hrr
194,orri,rr
195,hortz,hrtz
196,ortz,rtz
197,ortzi,rtz
198,oso,s
199,hotz,htz
200,otz,tz
201,sei,si
202,seni,sn
203,sor-,sr-
204,su,s
205,sudur,sdr
206,suni,sn
207,zori,zr
208,ugatz,gtz
209,uko,k
210,un-be,n-b
211,ur,r
212,urte,rt
213,urzo,rz
214,huts,hts
215,uts,ts
216,e-utz-i,-tz-
217,zahar,zhr
218,zaar,zar
219,zani,zn
220,zazpi,zzp
221,ze-,z-
222,zorri-,zrr-
223,zu,z
224,zullo,zll
225,zur,zr
