﻿,Hamito_Semitic_Original,Hamito_Semitic_no_vowels
0,a,a
1,ab,ab
2,abac,abc
3,abal,abl
4,abaw,abw
5,abik,abk
6,abod,abd
7,abol,abl
8,abul,abl
9,abun,abn
10,abVnan,abnn
11,ac,ac
12,acab,acb
13,acar,acr
14,aced,acd
15,acem,acm
16,acer,acr
17,acib,acb
18,acinH,acnH
19,acir,acr
20,acuc,acc
21,acVw,acw
22,acVy,acy
23,ad,ad
24,adam,adm
25,adar,adr
26,adas,ads
27,adaw,adw
28,ader,adr
29,adid,add
30,adil,adl
31,adus,ads
32,ae,a
33,af,af
34,afaw,afw
35,afay,afy
36,afuc,afc
37,afur,afr
38,ag,ag
39,agom,agm
40,agor,agr
41,ah,ah
42,ahu,ah
43,ak,ak
44,akab,akb
45,akid,akd
46,akur,akr
47,al,al
48,alac,alc
49,alak,alk
50,alal,all
51,alan,aln
52,alun,aln
53,alVk,alk
54,am,am
55,amam,amm
56,aman,amn
57,amas,ams
58,ambur,ambr
59,amVw,amw
60,an,an
61,ana,an
62,anbab,anbb
63,anduk,andk
64,ankol,ankl
65,anon,ann
66,antaw,antw
67,antu,ant
68,ap,ap
69,aq,aq
70,ar,ar
71,aram,arm
72,arek,ark
73,aric,arc
74,ariw,arw
75,aruw,arw
76,aruy,ary
77,arVh,arh
78,as,as
79,asaf,asf
80,ase,as
81,at,at
82,atuw,atw
83,aw,aw
84,awag,awg
85,awan,awn
86,awar,awr
87,awil,awl
88,awin,awn
89,awur,awr
90,ayal,ayl
91,ayar,ayr
92,ayil,ayl
93,ayin,ayn
94,ayVm,aym
95,ayVn,ayn
96,ba,ba
97,baar,br
98,baas,bs
99,bab,bb
100,bac,bc
101,bacak,bck
102,bacuk,bck
103,bad,bd
104,bada,bd
105,bae,b
106,baear,br
107,bag,bg
108,bagVy,bgy
109,bah,bh
110,bahal,bhl
111,bahar,bhr
112,bahir,bhr
113,bahl,bhl
114,bahul,bhl
115,baHur,br
116,bail,bl
117,bak,bk
118,baka,bk
119,bakVr,bkr
120,bal,bl
121,balag,blg
122,balak,blk
123,balug,blg
124,ban,bn
125,bar,br
126,bara,br
127,barak,brk
128,baraw,brw
129,baray,bry
130,barih,brh
131,barik,brk
132,barod,brd
133,barV,br
134,barVt,brt
135,bas,bs
136,bat,bt
137,bauc,bc
138,baur,br
139,baus,bs
140,baVl,bl
141,baVr,br
142,baw,bw
143,bawal,bwl
144,bawar,bwr
145,bawVd,bwd
146,bawVk,bwk
147,bawVn,bwn
148,bay,by
149,bayit,byt
150,bayV,by
151,bee,b
152,beear,br
153,bel,bl
154,belal,bll
155,ben,bn
156,ber,br
157,bi,b
158,biak,bk
159,bian,bn
160,biar,br
161,bib,bb
162,bibab,bbb
163,bic,bc
164,bicur,bcr
165,bid,bd
166,bih,bh
167,bihal,bhl
168,biHd,bd
169,biHod,bd
170,biHok,bk
171,biir,br
172,bil,bl
173,bin,bn
174,binVg,bng
175,bir,br
176,birVg,brg
177,bisVr,bsr
178,bit,bt
179,biVy,by
180,biyan,byn
181,bo,b
182,bobo,bb
183,bod,bd
184,bogur,bgr
185,boh,bh
186,boHar,br
187,bohVr,bhr
188,bok,bk
189,bokar,bkr
190,bokVr,bkr
191,bol,bl
192,bolan,bln
193,bor,br
194,borig,brg
195,bos,bs
196,boVd,bd
197,bray,bry
198,btin,btn
199,bu,b
200,buar,br
201,buc,bc
202,bucal,bcl
203,bud,bd
204,buhar,bhr
205,buk,bk
206,bul,bl
207,bula,bl
208,bulal,bll
209,bulbul,blbl
210,bulul,bll
211,bun,bn
212,bur,br
213,bura,br
214,buram,brm
215,buray,bry
216,burguc,brgc
217,burog,brg
218,bus,bs
219,but,bt
220,butin,btn
221,buuh,bh
222,buun,bn
223,buVr,br
224,buwut,bwt
225,buyac,byc
226,buʒ,bʒ
227,bVcir,bcr
228,bVg,bgr
229,bVhVw,bhw
230,bVon,bn
231,bVs,bs
232,bVtun,btn
233,bVtVk,btk
234,bVw,bw
235,bVy,by
236,bVʒuk,bʒk
237,ca,c
238,caad,cd
239,caak,ck
240,caal,cl
241,caar,cr
242,caaw,cw
243,caay,cy
244,caba,cb
245,cabah,cbh
246,cabar,cbr
247,cabel,cbl
248,cabir,cbr
249,cabVh,cbh
250,cad,cd
251,cada,cd
252,caf,cf
253,cafir,cfr
254,cag,cg
255,cagah,cgh
256,cagan,cgn
257,cah,ch
258,cahal,chl
259,cahar,chr
260,cahcah,chch
261,cahora,chr
262,cahur,chr
263,cahut,cht
264,cahVw,chw
265,caid,cd
266,cair,cr
267,cak,ck
268,cakam,ckm
269,cakel,ckl
270,cakin,ckn
271,cal,cl
272,calah,clh
273,calak,clk
274,calaq,clq
275,calay,cly
276,calib,clb
277,caluk,clk
278,cam,cm
279,cama,cm
280,camb,cmb
281,cambar,cmbr
282,cambir,cmbr
283,camid,cmd
284,camon,cmn
285,caop,cp
286,cap,cp
287,capah,cph
288,caq,cq
289,car,cr
290,caram,crm
291,cari,cr
292,cat,ct
293,caVb,cb
294,caVp,cp
295,caVr,cr
296,caw,cw
297,cawad,cwd
298,cawah,cwh
299,cawal,cwl
300,cawan,cwn
301,cawar,cwr
302,cawlag,cwg
303,cawVb,cwb
304,camb,cmb
305,cambar,cmbr
306,cambir,cmbr
307,camid,cmd
308,camon,cmn
309,caop,cp
310,cap,cp
311,capah,cph
312,caq,cq
313,car,cr
314,caram,crm
315,cari,cr
316,cat,ct
317,caVb,cb
318,caVp,cp
319,caVr,cr
320,caw,cw
321,cawad,cwd
322,cawah,cwh
323,cawal,cwl
324,cawan,cwn
325,cawar,cwr
326,cawlag,cwlg
327,cawVb,cwb
328,cawVr,cwr
329,cay,cy
330,cayad,cyd
331,cayah,cyh
332,cayVb,cyb
333,cayVp,cyp
334,ce,c
335,ceb,cb
336,cef,cf
337,cehat,cht
338,cek,ck
339,cel,cl
340,cem,cm
341,cen,cn
342,cepur,cpr
343,cer,cr
344,cera,cr
345,ci,c
346,cibV,cb
347,cic,cc
348,cid,cd
349,cig,cg
350,cihar,chr
351,cil,cl
352,cilal,cll
353,cilam,clm
354,cilul,cll
355,cim,cm
356,cin,cn
357,cinun,cnn
358,cip,cp
359,cir,cr
360,cirih,crh
361,cirV,cr
362,cit,ct
363,ciw,cw
364,ciwan,cwn
365,ciwar,cwr
366,ciway,cwy
367,ciy,cy
368,ciyam,cym
369,co,c
370,coab,cb
371,cocof,ccf
372,cof,cf
373,cogar,cgr
374,coh,ch
375,cohVr,chr
376,coid,cd
377,cok,ck
378,com,cm
379,cor,cr
380,corah,crh
381,coriy,cry
382,cotVh,cth
383,cu,c
384,cual,cl
385,cub,cb
386,cubur,cbr
387,cuc,cc
388,cud,cd
389,cuf,cf
390,cufa,cf
391,cuhat,cht
392,cuhVl,chl
393,cuk,ck
394,cul,cl
395,culib,clb
396,cumal,cml
397,cun,cn
398,cup,cp
399,cupar,cpr
400,cur,cr
401,cura,cr
402,curam,crm
403,cVhak,chk
404,cVHol,cHl
405,cVmVk,cmk
406,cVmVm,cmm
407,cVpVt,cpt
408,cVr,cr
409,cVrVf,crf
410,cVtVh,cth
411,cVvVh,cvh
412,cVwag,cwg
413,cVyag,cyg
414,da,d
415,daap,dp
416,daaw,dw
417,dab,db
418,daba,db
419,dabin,dbn
420,dabur,dbr
421,dac,dc
422,dad,dd
423,daf,df
424,dafa,df
425,dag,dg
426,dagan,dgn
427,dager,dgr
428,dagir,dgr
429,dagur,dgr
430,dah,dh
431,daham,dhm
432,dahar,dhr
433,dahic,dhc
434,daHir,dHr
435,dahun,dhn
436,dahVr,dhr
437,dak,dk
438,dal,dl
439,dalah,dlh
440,dam,dm
441,damik,dmk
442,dan,dn
443,danah,dnh
444,dand,dnd
445,dang,dng
446,danger,dngr
447,dangol,dngl
448,dankal,dnkl
449,dankul,dnkl
450,daparan,dprn
451,daq,dq
452,dar,dr
453,darak,drk
454,darib,drb
455,das,ds
456,daud,dd
457,daum,dm
458,daw,dw
459,dawa,dw
460,dawak,dwk
461,dawal,dwl
462,dawhal,dwhl
463,dawul,dwl
464,dawVh,dwh
465,day,dy
466,daya,dy
467,dayas,dys
468,dehan,dhn
469,dehul,dhl
470,dek,dk
471,deman,dmn
472,den,dn
473,der,dr
474,di,d
475,dias,ds
476,diay,dy
477,dib,db
478,dibin,dbn
479,dibur,dbr
480,dic,dc
481,did,dd
482,dif,df
483,dig,dg
484,dih,dh
485,diHab,dHb
486,dihas,dhs
487,dihus,dhs
488,diHVp,dHp
489,dik,dk
490,dikar,dkr
491,dim,dm
492,dimb,dmb
493,dimbur,dmbr
494,din,dn
495,ding,dng
496,dink,dnk
497,dinkar,dnkr
498,dinVy,dny
499,dir,dr
500,dirac,drc
501,disar,dsr
502,diVw,dw
503,diVy,dy
504,diway,dwy
505,diy,dy
506,dob,db
507,dog,dg
508,dohan,dhn
509,dohVn,dhn
510,don,dn
511,du,d
512,dub,db
513,dubar,dbr
514,duc,dc
515,dud,dd
516,dug,dg 
517,dugan,dgn
518,duham,dhm
519,duk,dk
520,duk,dk
521,dum,dm
522,dumb,dmb
523,dun,dn
524,dup,dp
525,dur,dr
526,duVc,dc
527,dVbVh,dbh
528,dVgdVg,dgdg
529,dVgol,dgl
530,dVgVy,dgy
531,dVhar,dhr
532,dVm,dm
533,dVn,dn
534,dVpir,dpr
535,dVrdVr,drdr
536,dVV,d
537,dVVc,dc
538,dVwVd,dwd
539,dVwVm,dwm
540,dVwVn,dwn
541,dVwVr,dwr
542,dVyVd,dyd
543,eb,eb
544,ekam,ekm
545,ekar,ekr
546,el,el
547,el,el
548,elal,ell
549,em,em
550,en,en
551,en,en
552,enen,enn
553,er,er
554,erar,err
555,eray,ery
556,eray,ery
557,erib,erb
558,erin,ern
559,es,es
560,et,et
561,ew,ew
562,f,f
563,fa,f
564,fahat,fht
565,fak,fk
566,fal,fl
567,faliy,fly
568,fan,fn
569,far,fr
570,fat,ft
571,fatak,ftk
572,fatVq,ftq
573,faVl,fl
574,faVl,fl
575,fay,fy
576,fe,f
577,fec,fc
578,fed,fd
579,fedik,fdk
580,fer,fr
581,feras,frs
582,ferik,frk
583,fet,ft
584,fi,f
585,fic,fc
586,fidah,fdh
587,fil,fl
588,fin,fn
589,finah,fnh
590,fir,fr
591,firut,frt
592,firVt,frt
593,fit,ft
594,fita,ft
595,fitay,fty
596,fiwah,fwh
597,fiwaq,fwq
598,fiyal,fyl
599,fo,f
600,foc,fc
601,foh,fh
602,fos,fs 
603,fosah,fsh
604,fosi,fs
605,fot,ft
606,foy,fy
607,foya,fy
608,fu,f
609,Nathanael,610-913
610,fuc,fc
611,fuf,ff
612,fugVr,fgr
613,ful,fl
614,funVg,fng
615,fuon,fn
616,furVh,frh
617,furVk,frk
618,fus,fs
619,fut,ft
620,fut,ft
621,fuun,fn
622,fuwar,fwr
623,fuwat,fwt
624,fuy,fy
625,fVhVk,fhk
626,fVkir,fkr
627,fVkur,fkr
628,fVl,fl
629,fVr,fr
630,fVt,ft
631,ga,g
632,gaab,gb
633,gaad,gd
634,gaaw,gw
635,gab,gb
636,gaba ,gb 
637,gabar,gbr
638,gabur,gbr
639,gabVh,gbh
640,gac,gc
641,gad,gd
642,gadeb,gdb
643,gadel,gdl
644,gadum,gdm
645,gag,gg
646,gahun,ghn
647,gaid,gd
648,gail,gl
649,gak,gk
650,gal,gl
651,galab,glb
652,galam,glm
653,galan,gln
654,galgal,glgl
655,galgil,glgl
656,galuc,glc
657,gam,gm
658,gamah,gmh
659,gan,gn
660,ganah,gnh
661,gar,gr
662,gara ,gr 
663,garab,grb
664,garub,grb
665,gas,gs
666,gaso,gs
667,gat,gt
668,gau,g
669,gaur,gr
670,gaw,gw
671,gawa,gw
672,gawag,gwg
673,gawar,gwr
674,gaway,gwy
675,gawu,gw
676,gawVf,gwf
677,gay,gy
678,gayV,gy
679,gelal,gll
680,gena,gn
681,ger,gr
682,ger,gr
683,gi,g
684,giar,gr
685,gic,gc
686,gid,gd
687,gidol,gdl
688,gif,gf
689,giHad,gHd
690,gil,gl
691,giluc,glc
692,gim,gm
693,gin,gn
694,gir,gr
695,giur,gr
696,giyad,gyd
697,go,g
698,goad,gd
699,gob,gb
700,gocal,gcl
701,goda,gd
702,godVn,gdn
703,gogo,gg
704,gogor,ggr
705,gohas,ghs
706,gohgoh,ghgh
707,gol,gl
708,golah,glh
709,golan,gln
710,goma,gm
711,gon,gn
712,gonVh,gnh
713,gor,gr
714,goraf,grf
715,gorah,grh
716,gorgor,grgr
717,gorum,grm
718,gorungorun,grngrn
719,gos,gs
720,goVy,gy
721,goy,gy
722,gu,g
723,gual,gl
724,gub,gb
725,guba,gb
726,guc,gc
727,gud,gd
728,gudin,gdn
729,guf,gf
730,gufir,gfr
731,gul ,gl 
732,gulib,glb
733,gulul,gll
734,gulum,glm
735,gum,gm
736,gump,gmp
737,gun,gn
738,gup,gp
739,gur,gr
740,gurab,grb
741,gural,grl
742,guray,gry
743,guri,gr
744,gus,gs
745,gut,gt
746,guwut,gwt
747,guy,gy
748,gVbVl,gbl
749,gVin,gn
750,gVpar,gpr
751,gVsVy,gsy
752,gVwun,gwn
753,gVwVb,gwb
754,gVyVb,gyb
755,ha,h
756,haad,hd
757,haay,hy
758,hab,hb
759,habal,hbl
760,habay,hby
761,habi,hb
762,habit,hbt
763,habu,hb
764,habur,hbr
765,hac,hc
766,haca,hc
767,haca,hc
768,hacar,hcr
769,hacay,hcy
770,hacir,hcr
771,hacob,hcb
772,had,hd
773,hadar,hdr
774,hadir,hdr
775,haduc,hdc
776,hadur,hdr
777,haear,hr
778,haein,hn
779,haem,hm
780,haeod,hd
781,haf,hf
782,hafal,hfl
783,hafil,hfl
784,hak,hk
785,hakam,hkm
786,hakum,hkm
787,hakur,hkr
788,hakVl,hkl
789,hakVw,hkw
790,hal,hl
791,halak,hlk
792,halat,hlt
793,halib,hlb
794,halit,hlt
795,ham,hm
796,hama,hm
797,han,hn
798,hancob,hncb
799,hankar,hnkr
800,hansab,hnsb
801,hanVc,hnc
802,haom,hm
803,hap,hp
804,hapat,hpt
805,hapud,hpd
806,hapur,hpr
807,har,hr
808,har,hr
809,haram,hrm
810,haraw,hrw
811,haray,hry
812,has,hs
813,hasar,hsr
814,hasay,hsy
815,hasek,hsk
816,hat,ht
817,hatVm,htm
818,haw,hw
819,hawag,hwg
820,hawar,hwr
821,haway,hwy
822,hawil,hwl
823,hawVy,hwy
824,hay,hy
825,hayag,hyg
826,hayar,hyr
827,hayaw,hyw
828,he,h
829,hed,hd
830,hedV,hd
831,hef,hf
832,hek,hk
833,henin,hnn
834,henV,hn
835,her,hr
836,herac,hrc
837,heraw,hrw
838,heruc,hrc
839,hey,hy
840,hibVr,hbr
841,hical,hcl
842,hidab,hdb
843,hie,h
844,hig,hg
845,hiir,hr
846,hil,hl
847,hilal,hll
848,hilVp,hlp
849,him,hm
850,himal,hml
851,himis,hms
852,hin,hn
853,hin,hn
854,hint,hnt
855,hinVn,hnn
856,hir,hr
857,hirba,hrb
858,hiw,hw
859,hiyal,hyl
860,ho,h
861,hob,hb
862,hoe,h
863,hogil,hgl
864,hoh,hh
865,hok,hk
866,hol,hl
867,hom,hm
868,hon,hn
869,honbal,hnbl
870,hor,hr
871,hor,hr
872,horas,hrs
873,horug,hrg
874,horVc,hrc
875,hos,hs
876,hos,hs
877,hot,ht
878,hota,ht
879,hotam,htm
880,hotar,htr
881,hoy,hy
882,hu,h
883,hu,h
884,hub,hb
885,hubag,hbg
886,hubig,hbg
887,hubue,hb
888,hubV,hb
889,hubVs,hbs
890,hucig,hcg
891,hud,hd
892,hud,hd
893,hudad,hdd
894,hudam,hdm
895,hue,h
896,hul,hl
897,hulim,hlm
898,hulub,hlb
899,hum,hm
900,humac,hmc
901,hun,hn
902,hun,hn
903,hunah,hnh
904,hunay,hny
905,hund,hnd
906,hune,hn
907,huneir,hnr
908,hupet,hpt
909,hur,hr
910,huray,hry
911,huru,hr
912,hurVb,hrb
913,hus,hs
914,husam,hsm
915,husem,hsm
916,hut,ht
917,hut,ht
918,huw,hw
919,hVban,hbn
920,hVbat,hbt
921,hVben,hbn
922,hVbit,hbt
923,hVbuc,hbc
924,hVbus,hbs
925,hVcar,hcr
926,hVceb,hcb
927,hVcuk,hck
928,hVcun,hcn
929,hVdag,hdg
930,hVdog,hdg
931,hVe,h
932,hVeim,hm
933,hVf,hf
934,hVkay,hky
935,hVlak,hlk
936,hVlak,hlk
937,hVlVy,hly
938,hVmac,hmc
939,hVmus,hms
940,hVmVr,hmr
941,hVn,hn
942,hVpac,hpc
943,hVrabib,hrbb
944,hVsaw,hsw
945,hVsay,hsy
946,hVsik,hsk
947,hVsub,hsb
948,hVtik,htk
949,hVtVm,htm
950,hVtVr,htr
951,hVw,hw
952,hVwar,hwr
953,hVwit,hwt
954,hVwVk,hwk
955,hVyar,hyr
956,hVyit,hyt
957,hVyVk,hyk
958,hVyVt,hyt
959,i,i
960,i,i
961,ial,il
962,ib,ib
963,ib,ib
964,ibad,ibd
965,ibaq,ibq
966,iben,ibn
967,ibil,ibl
968,ic,ic
969,ic,ic
970,icay,icy
971,icir,icr
972,icVd,icd
973,id,id
974,idar,idr
975,ie,i
976,ig,ig
977,igal,igl
978,igan,ign
979,ikoy,iky
980,ikuc,ikc
981,il,il
982,il,il
983,il,il
984,ilab,ilb
985,ilam,ilm
986,ilaw,ilw
987,ilay,ily
988,ilik,ilk
989,im,im
990,ima,im
991,imen,imn
992,in,in
993,in,in
994,inas,ins
995,inawal,inwl
996,inayal,inyl
997,ind,ind
998,int,int
999,ir,ir
1000,iru,ir
1001,irVy,iry
1002,isV,is
1003,isVw,isw
1004,it,it
1005,itah,ith
1006,iw,iw
1007,iw,iw
1008,iy,iy
1009,iy,iy
1010,ka,k
1011,ka,k
1012,kab,kb
1013,kab,kb
1014,kabel,kbl
1015,kaber,kbr
1016,kabul,kbl
1017,kabVr,kbr
1018,kac,kc
1019,kac,kc
1020,kacaf,kcf
1021,kad,kd
1022,kaduh,kdh
1023,kaf,kf
1024,kah,kh
1025,kah,kh
1026,kahah,khh
1027,kahVp,khp
1028,kak,kk
1029,kakar,kkr
1030,kakul,kkl
1031,kal,kl
1032,kal,kl
1033,kalah,klh
1034,kalem,klm
1035,kalim,klm
1036,kalVy,kly
1037,kam,km
1038,kama,km
1039,kamay,kmy
1040,kamVh,kmh
1041,kan,kn
1042,kan,kn
1043,kanap,knp
1044,kanpar,knpr
1045,kanpur,knpr
1046,kaoc,kc
1047,kap,kp
1048,kap,kp
1049,kapa,kp
1050,kar,kr
1051,kar,kr
1052,kara,kr
1053,karic,krc
1054,kas,ks
1055,kas,ks
1056,kat,kt
1057,kat,kt
1058,katum,ktm
1059,kaup,kp
1060,kaVn,kn
1061,kaw,kw
1062,kaw,kw
1063,kaw,kw
1064,kaw,kw
1065,kawad,kwd
1066,kawal,kwl
1067,kawas,kws
1068,kawat,kwt
1069,kay,ky
1070,kayac,kyc
1071,kayar,kyr
1072,kayas,kys
1073,kayic,kyc
1074,ke,k
1075,kec,kc
1076,ken,kn
1077,ken,kn
1078,kenah,knh
1079,kenin,knn
1080,kenum,knm
1081,ker,kr
1082,keran,krn
1083,kerVd,krd
1084,ket,kt
1085,keVc,kc
1086,kew,kw
1087,key,ky
1088,kib,kb
1089,kib,kb
1090,kic,kc
1091,kie,k
1092,kih,kh
1093,kiHVd,kHd
1094,kil,kl
1095,kil,kl
1096,kilam,klm
1097,kilbab,klbb
1098,kilVb,klb
1099,kin,kn
1100,kir,kr
1101,kirah,krh
1102,kirbab,krbb
1103,kirbab,krbb
1104,kirim,krm
1105,kirkar,krkr
1106,kirop,krp
1107,kirVb,krbb
1108,kiVd,kd
1109,ko,k
1110,koaf,kf
1111,koar,kr
1112,kob,kb
1113,kobah,kbh
1114,koc,kc
1115,koca,kc
1116,kod,kd
1117,kod,kd
1118,koh,kh
1119,kohan,khn
1120,koko,kk
1121,kol,kl
1122,kol,kl
1123,kol,kl
1124,kolab,klb
1125,kolif,klf
1126,kom,km
1127,kom,km
1128,komal,kml
1129,kop,kp
1130,kor,kr
1131,kor,kr
1132,kora,kr
1133,kores,krs
1134,kori ,kr
1135,korip,krp
1136,korV,kr
1137,kos,ks
1138,kos,ks
1139,koti ,kt
1140,kotir,ktr
1141,kotur,kt
1142,koy,ky
1143,ku,k
1144,kub,kb
1145,kub,kb
1146,kuc,kc
1147,kuc,kc
1148,kuc,kc
1149,kucer,kcr
1150,kud,kd
1151,kudah,kdh
1152,kudur,kdr
1153,kuf,kf
1154,kuha,kh
1155,kuHen,kHn
1156,kuk,kk
1157,kuk,kk
1158,kul,kl
1159,kul,kl
1160,kulem,klm
1161,kulum,klm
1162,kulup,klp
1163,kum,km
1164,kum,km
1165,kun,kn
1166,kun,kn
1167,kunac,knc
1168,kunak,knk
1169,kur,kr
1170,kur,kr
1171,kura,kr
1172,kurab,krb
1173,kurak,krk
1174,kurom,krm
1175,kuruc,krc
1176,kus,ks
1177,kusan,ksn
1178,kut,kt
1179,kutun,ktn
1180,kuw,kw
1181,kuy,ky
1182,kVc ,kc
1183,kVceb,kcb
1184,kVcVm,kcm
1185,kVk,kk
1186,kVl,kl
1187,kVlVc,klc
1188,kVmV,km
1189,kVnVy,kny
1190,kVoh,kh
1191,kVr ,kr
1192,kVrVb,krb
1193,kVrVs,krs
1194,kVw ,kw
1195,kVwVl,kwl
1196,kVy ,ky
1197,kVyVlx,kylx
1198,kVyVn,kyn
1199,kVʒor ,kʒr
1200,la,l
1201,laad,ld
1202,lab,lb
1203,labi,lb
1204,lag,lg
1205,lah ,lh
1206,lahak,lhk
1207,laham,lhm
1208,lahas,lhs
1209,lahik,lhk
1210,lak,lk
1211,lal,ll
1212,lam,lm
1213,lap,lp
1214,larVy,lry
1215,lat,lt
1216,law,lw
1217,lawVy,lwy
1218,lay,ly
1219,le,l
1220,leb,lb
1221,lecum,lcm
1222,len,ln
1223,ler,lr
1224,les,ls
1225,liaf,lf
1226,lib,lb 
1227,liba,lb
1228,lic,lc
1229,lihab,lhb
1230,lihap,lhp
1231,lihum,lhm
1232,likam,lkm
1233,likim,lkm
1234,lil,ll
1235,liw,lw
1236,liwVc,lwc
1237,lo,l
1238,lokum,lkm
1239,lolum,llm
1240,lom,lm
1241,lub,lb
1242,lubah,lbh
1243,luf,lf
1244,lug,lg
1245,lugab,lgb
1246,luhur,lhr
1247,luk,lk
1248,lum,lm
1249,lunak,lnk
1250,luw,lw
1251,lVk,lk
1252,ma,m
1253,maaw,mw
1254,maay,my
1255,mabar,mbr
1256,mac,mc
1257,mag,mg
1258,mah,mh
1259,mahal,mhl
1260,mahar,mhr
1261,mahaw,mhw
1262,mahay,mhy
1263,mahor,mhr
1264,mahVy,mhy
1265,maid,md
1266,main,mn
1267,makay,mky
1268,makil,mkl
1269,makV,mk 
1270,makVr,mkr
1271,malaw,mlw
1272,mam,mm
1273,man,mn
1274,mang,mng
1275,manV,mn
1276,maq,mq
1277,mar,mr
1278,mara,mr
1279,marV,mr 
1280,marVg,mrg
1281,marVk,mrk
1282,masak,msk
1283,masi,ms
1284,mat,mt
1285,matar,mtr
1286,mawac,mwc
1287,mawar,mwr
1288,mawat,mwt
1289,mawut,mwt
1290,may,my
1291,mayac,myc
1292,mayan,myn
1293,mayas,mys
1294,mayat,myt
1295,maʒi,mʒ
1296,mecit,mct
1297,mecut,mct
1298,meh,mh
1299,mehas,mhs
1300,mek,mk
1301,mer,mr 
1302,meri,mr
1303,meti,mt
1304,metmet,mtmt
1305,mi,m
1306,mic,mc
1307,mies,ms
1308,migir,mgr
1309,min,mn
1310,minV,mn
1311,mir,mr
1312,mit,mt
1313,miVbal,mbl
1314,mo,m
1315,modat,mdt
1316,mog,mg
1317,mon,mn
1318,monVh,mnh
1319,mori,mr
1320,morih,mrh
1321,mos,ms
1322,mouh,mh
1323,mu,m
1324,mud,md
1325,muga,mg
1326,mugaw,mgw
1327,muk,mk
1328,mulak,mlk
1329,mulik,mlk
1330,mulu,ml
1331,mun,mn
1332,munah,mnh
1333,mune,mn
1334,munih,mnh
1335,muq,mq
1336,muqeq,mqq
1337,muqV,mq
1338,mur,mr
1339,murVh,mrh
1340,murVt,mrt
1341,mut,mt
1342,muyir,myr
1343,muyun,myn
1344,muʒ,mʒ
1345,mVad,md
1346,mVd,md
1347,mVdun,mdn
1348,mVl,ml
1349,mVlog,mlg
1350,mVlVh,mlh
1351,mVsaw,msw
1352,mVsay,msy
1353,mVtak,mtk
1354,mVtur,mtr
1355,myir,myr
1356,na,n
1357,nab,nb
1358,nac,nc 
1359,nacin,ncn
1360,nad,nd
1361,nada,nd
1362,naf,nf
1363,nafar,nfr
1364,nafus,nfs
1365,nagac,ngc
1366,nagH,ngH
1367,nagiH,ngH
1368,naguc,ngc
1369,nah,nh 
1370,nahak,nhk
1371,nahas,nhs
1372,nahur,nhr
1373,naib,nb
1374,nakar,nkr
1375,nakir,nkr
1376,nam,nm
1377,nan,nn
1378,nani,nn 
1379,nanik,nnk
1380,nap,np
1381,napil,npl
1382,naVw,nw
1383,naw,nw
1384,nawac,nwc
1385,naway,nwy
1386,nay,ny
1387,neb,nb
1388,neca,nc
1389,neg,ng
1390,neh,nh
1391,nek,nk
1392,nes,ns
1393,neul,nl
1394,ni,n 
1395,nian,nn
1396,niar,nr
1397,nib,nb
1398,nibuc,nbc
1399,nid,nd
1400,nif,nf
1401,nig,ng
1402,nigal,ngl
1403,nihar,nhr
1404,nihas,nhs
1405,nik,nk
1406,nikif,nkf
1407,nikud,nkd
1408,nim,nm
1409,nin,nn
1410,ninay,nny
1411,niwan,nwn
1412,niwiw,nww
1413,noh,nh
1414,nok,nk
1415,nufas,nfs
1416,nug,ng
1417,nuk,nk
1418,num,nm
1419,numur,nmr
1420,nun,nn
1421,nus,ns
1422,nuta,nt
1423,nVbir,nbr
1424,nVca,nc
1425,nVcag,ncg
1426,nVcuw,ncw
1427,nVdaw,ndw
1428,nVfV,nf
1429,nVg,ng
1430,nVgil,ngl
1431,nVgol,ngl
1432,nVguf,ngf
1433,nVgV,ng
1434,nVhaʒ,nhʒ
1435,nVhor,nhr
1436,nVkVl,nkl
1437,nVmVs,nms
1438,nVsog,nsg
1439,nVtVf,ntf
1440,nVwur,nwr
1441,nVwVq,nwq
1442,nVyV,ny
1443,nVʒal,nʒl
1444,og,g
1445,okab,kb
1446,ol,l
1447,or,r
1448,orah,rh
1449,oreb,rb
1450,oruk,rk
1451,otis,ts
1452,ow,w
1453,oy,y
1454,pa,p
1455,pac,pc
1456,pag,pg
1457,pagal,pgl
1458,pah,ph
1459,pahal,phl
1460,paHand,pHnd
1461,pahar,phr
1462,pahid,phd
1463,pahoc,phc
1464,pahud,phd
1465,pair,pr
1466,pak,pk
1467,pakuh,pkh
1468,pakV,pk
1469,pal,pl
1470,palah,plh
1471,palay,ply
1472,pan,pn
1473,panek,pnk
1474,paq,pq
1475,par,pr
1476,para,pr
1477,parok,prk
1478,paruc,prc
1479,parVd,prd
1480,parVm,prm
1481,pasuq,psq
1482,pasVk,psk
1483,pat,pt
1484,pauk,pk
1485,paur,pr
1486,paus,ps
1487,paw,pw
1488,pay,py
1489,payuk,pyk
1490,paʒ,pʒ
1491,pec,pc
1492,ped,pd
1493,pehas,phs
1494,per,pr
1495,pia,p
1496,pic,pc
1497,picur,pcr
1498,pig,pg
1499,pil,pl
1500,pilak,plk
1501,pilic,plc
1502,pin,pn
1503,pir,pr
1504,pirah,prh
1505,pirat,prt
1506,piric,prc
1507,pirig,prg
1508,pirVq,prq
1509,pit,pt
1510,pitah,pth
1511,po,p
1512,poad,pd
1513,poc,pc
1514,pohac,phc
1515,pok,pk
1516,poka,pk
1517,pokV,pk
1518,polik,plk
1519,pon,pn
1520,ponV,pn
1521,puc,pc
1522,pudag,pdg
1523,pudig,pdg
1524,puh,ph
1525,puhar,phr
1526,puk,pk
1527,pur,pr
1528,purVs,pvs
1529,putir,ptr
1530,puwad,pwd
1531,pVal,pal
1532,pVc,pc
1533,pVd,pd
1534,pVg,pg
1535,pVh,ph
1536,pVhVr,phr
1537,pVin,pin
1538,pVlah,plh
1539,pVlVs,pls
1540,pVriʒ,prʒ
1541,pVt,ptr
1542,pVtok,ptk
1543,pVttis,pts
1544,pVud,pud
1545,qab,qb
1546,qac,qc
1547,qafV,qf
1548,qalum,qlm
1549,qam,qm
1550,qan,qn
1551,qanic,qnc
1552,qapuc,qpc
1553,qar,qr
1554,qaraw,qrw
1555,qatam,qtm
1556,qawar,qwr
1557,qaway,qwy
1558,qayam,qym
1559,qayul,qyl
1560,qen,qn
1561,qet,qtm
1562,qi,qi
1563,qirim,qrm
1564,qis,qs
1565,qo,q
1566,qoc,qc
1567,qof,qf
1568,qol,ql
1569,qom,qm
1570,qon,qn
1571,qoq,qq
1572,qor,qr
1573,qot,qt
1574,quab,qab
1575,qudam,qdm
1576,qul,ql
1577,qunic,qnc
1578,qur,qr
1579,qurap,qrp
1580,quʒ,qʒ
1581,qVbV,qb
1582,qVwVc,qwc
1583,qVyVb,qyb
1584,ra,r
1585,raad,rad
1586,rac,rc
1587,racah,rch
1588,rad,rd
1589,rado,rd
1590,raf,rf
1591,rag,rg
1592,rah,rh
1593,rahaw,rhw
1594,rahil,rhl
1595,raib,rib
1596,rak,rk
1597,ram,rm
1598,ramVk,rmk
1599,raob,rob
1600,rasVw,rsw
1601,raup,rup
1602,raw,rw
1603,rawad,rwd
1604,rawah,rwh
1605,ray,ry
1606,re,r
1607,reb,rb
1608,reh,rh
1609,rek,rk
1610,rekay,rky
1611,rekid,rkd
1612,ri,r
1613,rib,rb
1614,ric,rc
1615,rid,rd
1616,ridag,rdg
1617,rigad,rgd
1618,rih,rh
1619,rihim,rhm
1620,rik,rk
1621,rim,rm
1622,riman,rmn
1623,ripan,rpn
1624,riw,rw
1625,riy,ry
1626,riyV,ry
1627,ro,r
1628,rob,rb
1629,rog,rg
1630,roq,rq
1631,ru,r
1632,rubud,rbd
1633,rug,rg
1634,ruh,rh
1635,ruk,rk
1636,rukub,rkb
1637,rum,rm
1638,rusup,rsp
1639,ruw,rw
1640,ruwun,rwn
1641,ruy,ry
1642,rV,r
1643,rVhob,rhb
1644,rVhVn,rhn
1645,rVsV,rs
1646,rVw,rw
1647,sa,s
1648,saab,sab
1649,saaf,saf
1650,saap,sap
1651,sab,sb
1652,sabab,sbb
1653,sabah,sbh
1654,sabib,sbb
1655,sabil,sbl
1656,sabir,sbr
1657,sabul,sbl
1658,sabv,sb
1659,sabVb,sbb
1660,sabVy,sby
1661,sad,sd
1662,sado,sd
1663,sadoy,sdy
1664,saduf,sdf
1665,saf,sf
1666,safih,sfh
1667,sag,sg
1668,sah,sh
1669,sahan,shn
1670,sahim,shm
1671,sak,sk
1672,sala,sl
1673,salam,slm
1674,salap,slp
1675,salaq,slq
1676,sam,sm
1677,sama,sm
1678,saman,smn
1679,sambir,smbr
1680,samf,smf
1681,samsam,smsm
1682,san,sn
1683,sanb,snb
1684,sani,sn
1685,saniH,snh
1686,sansun,snsn
1687,sap,sp
1688,saq,sq
1689,saqam,sqm
1690,sar,sr
1691,sasog,ssg
1692,sat,st
1693,sataw,stw
1694,satay,sty
1695,satu,st
1696,saw,sw
1697,sawah,swh
1698,sawis,sws
1699,sawVh,swh
1700,sayab,syb
1701,sayaf,syf
1702,sayal,syl
1703,sayar,syr
1704,seb,sb
1705,sebit,sbt
1706,sef,sf
1707,seheh,shh
1708,sek,sk
1709,sen,sn
1710,ser,sr
1711,sew,sw
1712,she,sh
1713,si,s
1714,sib,sn
1715,sibin,sbn
1716,siduf,sdf
1717,siga,sg
1718,sigul,sgl
1719,sih,sh
1720,sihaf,shf
1721,sihar,shr
1722,sihat,sht
1723,sik,sk
1724,sikun,skn
1725,silah,slh
1726,sim,sm
1727,sima,sm
1728,simah,smh
1729,siman,smn
1730,simar,sm
1731,sin,sn
1732,sinak,snk
1733,siniH,snh
1734,sion,son
1735,sip,sp
1736,siq,sq
1737,sireh,srh
1738,sirVf,srf
1739,sisa,ss
1740,sisim,ssm
1741,sit,st
1742,sitay,sty
1743,siub,sub
1744,sium,sum
1745,siwan,swn
1746,so,s
1747,soar,sar
1748,sob,sb
1749,sof,sf
1750,sog,sg
1751,soh,sh
1752,soit,sot
1753,sol,sl
1754,somb,smb
1755,son,sn
1756,sop,sp
1757,soq,sq
1758,soyam,sym
1759,su,s
1760,subVl,sbl
1761,suf,sf
1762,suh,sh
1763,suhay,sy
1764,suim,sim
1765,suk,sk
1766,suka,sk
1767,sukul,skl
1768,sulak,slk
1769,sulVh,slh
1770,sum,sm
1771,sumbVl,smbl
1772,sun,sn
1773,sunah,snh
1774,sunb,snb
1775,sup,sp
1776,supay,spy
1777,sur,sr
1778,surV,sr
1779,susan,ssn
1780,sut,st
1781,suum,sum
1782,suVr,sr
1783,suwak,swk
1784,sVf,sf
1785,sVfif,sff
1786,sVhal,shl
1787,sVk,sk
1788,sVkVr,skr
1789,sVp,sp
1790,sVtVp,stp
1791,sVw,sw
1792,ta,t
1793,taab,tab
1794,taam,tam
1795,taay,tay
1796,tab,tb
1797,taba,tb
1798,tabak,tbk
1799,tabVl,tbl
1800,tac,tc
1801,taf,tf
1802,taftaf,tftf
1803,tag,tg
1804,tah,th
1805,tahan,thn
1806,tahin,thn
1807,tak,tk
1808,takar,tkr
1809,takoc,tkc
1810,takon,tkn
1811,tal,tl
1812,talim,tlm
1813,tamtam,tm
1814,tamu,tm
1815,tamVs,tms
1816,tan,tn
1817,tana,tn
1818,tanhal,tnhl
1819,tanhil,tnhl
1820,taq,tq
1821,tar,tr
1822,tarah,trh
1823,tarak,trk
1824,tarer,trr
1825,tarip,trp
1826,taruw,trw
1827,tarVc,trc
1828,tas,ts
1829,tat,tt
1830,tata,tt
1831,taum,tm
1832,taur,tr
1833,taw,tw
1834,tawar,twr
1835,taway,twy
1836,tay,ty
1837,tayar,tyr
1838,tayaʒ,tyʒ
1839,tayVs,tys
1840,te,t
1841,tehal,thl
1842,tek,tk
1843,tem,tm
1844,ter,tr
1845,ti,t
1846,tib,tb
1847,tiba,tb
1848,tibin,tbn
1849,tic,tc
1850,tif,tf
1851,tiftif,tftf
1852,tihim,thm
1853,tihir,thr
1854,tihur,thr
1855,tiin,tn
1856,tik,tk
1857,timb,tmb
1858,tin,tn
1859,tinuq,tnq
1860,tiq,tq
1861,tir,tr
1862,tis,ts
1863,tiuh,th
1864,tiw,tw
1865,tiwuh,twh
1866,tiya,ty
1867,tiyak,tyk
1868,tiyaw,tyw
1869,tm,tm
1870,tob,tb
1871,tof,tf
1872,tok,tk
1873,tor,tr
1874,tual,tl
1875,tuan,tn
1876,tub,tb
1877,tuc,tc
1878,tucar,tcr
1879,tuf,tf
1880,tug,tg
1881,tuh,th
1882,tuhal,thl
1883,tuk,tk
1884,tuka,tk
1885,tul,tl
1886,tum,tm
1887,tumf,tmf
1888,tummehas,tmmhs
1889,tup,tp
1890,tupah,tph
1891,tuq,tq
1892,tur,tr
1893,turah,trh
1894,turVb,trb
1895,tuun,tn
1896,tuwur,twr
1897,tVb,tb
1898,tVfal,tfl
1899,tVfil,tfl
1900,tVktVk,tktk
1901,tVmtVm,tmtm
1902,tVn,tn
1903,tVr,tr
1904,tVrVk,trk
1905,tVwVr,twr
1906,tVy,ty
1907,ub,ub
1908,ub,ub
1909,ub,ub
1910,ubub,ubb
1911,ubun,ubn
1912,uc,uc
1913,ucan,ucn
1914,ucok,uck
1915,ud,ud
1916,udun,udn
1917,udur,udr
1918,uf,uf
1919,uf,uf
1920,ufan,ufn
1921,ug,ug
1922,ukok,ukk
1923,ul,ul
1924,um,um
1925,umam,umm
1926,un,un
1927,un,un
1928,unay,uny
1929,up,up
1930,upel,upl
1931,upVl,upVl
1932,ur,ur
1933,urag,urg
1934,uril,url
1935,urud,urd
1936,urul,url
1937,us,us
1938,utal,utl
1939,util,utl
1940,Vbar,Vbr
1941,Vbir,Vbr
1942,Vbo,Vb
1943,Vcup,Vcp
1944,Veimb,Vmb
1945,Vf,Vf
1946,Vgae,Vg
1947,Vgor,Vg
1948,Vhaay,Vhy
1949,Vkal,Vkl
1950,Vkaw,Vkw
1951,Vkay,Vky
1952,Vke,Vk
1953,Vkil,Vkl
1954,Vkul,Vkl
1955,Vkup,VKp
1956,Vkus,Vks
1957,Vl,Vl
1958,Vlal,Vll
1959,Vles,Vls
1960,Vlic,Vlc
1961,Vn,Vn
1962,Vnaw,Vnw
1963,Vnay,Vny
1964,Vnih,Vnh
1965,VnVeaw,Vnw
1966,Vru,Vr
1967,VrVg,Vrg
1968,Vsuk,Vsk
1969,Vti,Vt
1970,Vtuk,Vtk
1971,Vtun,Vtn
1972,wa,w
1973,waab,wb
1974,waan,wn
1975,waar,wr
1976,waas,ws
1977,wac,wc
1978,waca,wc
1979,wacV,wc
1980,wad,wd
1981,wadak,wdk
1982,wagal,wgl
1983,wagar,wgr
1984,wah,wh
1985,wahal,whl
1986,wahi,wh
1987,wahig,whg
1988,wahV,wh
1989,waka,wk
1990,wakib,wkb
1991,wal,wl
1992,wala,wl
1993,walad,wld
1994,walem,wlm
1995,wama,wm
1996,wan,wn
1997,waoc,wc
1998,wap,wp
1999,war,wr
2000,war,wr
2001,was,ws
2002,wasa,ws
2003,wat,wt
2004,waul,wl
2005,waVr,wr
2006,way,wy
2007,wayac,wyc
2008,wayal,wyl
2009,waʒam,wʒm
2010,waʒan,wʒn
2011,waʒin,wʒn
2012,wiled,wld
2013,wisan,wsn
2014,wiy,wy
2015,wuc,wc
2016,wug,wg
2017,wul,wl
2018,wuleh,wlh
2019,wulig,wlg
2020,wup,wp
2021,wur,wr
2022,wurVm,wrm
2023,wVcar,wcr
2024,wVgab,wgb
2025,wVgVm,wgm
2026,wVgVr,wgr
2027,wVhup,whp
2028,wVlVm,wlm
2029,wVrik,wrk
2030,wVsVm,wsm
2031,wVten,wtn
2032,wVtVf,wtf
2033,ya,y
2034,yabil,ybl
2035,yac,yc
2036,yad,yd
2037,yada,yd
2038,yadar,yd
2039,yahar,yhr
2040,yahig,yhg
2041,yal,yl
2042,yam,ym
2043,yama,ym
2044,yamin,ymn
2045,yar,yr
2046,yara,yr
2047,yaraw,yrw
2048,yasar,ysr
2049,yatin,ytn
2050,yaw,yw
2051,yawan,ywn
2052,yawin,ywn
2053,yawir,ywr
2054,yayVh,yyh
2055,yi,y
2056,yib,yb
2057,yil,yl
2058,yipa,yp
2059,yiw,yw
2060,yubil,ybl
2061,yubVs,ybs
2062,ʒa,ʒ
2063,ʒaar,ʒr
2064,ʒab,ʒb
2065,ʒabah,ʒbh
2066,ʒabi,ʒb
2067,ʒabib,ʒbb
2068,ʒafor,ʒfr
2069,ʒagul,ʒgl
2070,ʒah,ʒh
2071,ʒahaf,ʒhf
2072,ʒaib,ʒb
2073,ʒair,ʒr
2074,ʒak,ʒk
2075,ʒakun,ʒkn
2076,ʒam,ʒm
2077,ʒamb,ʒmb
2078,ʒambib,ʒmbb
2079,ʒamVn,ʒmn
2080,ʒan,ʒn
2081,ʒar,ʒr
2082,ʒarik,ʒrk
2083,ʒaruk,ʒrk
2084,ʒaw,ʒw
2085,ʒay,ʒy
2086,ʒe,ʒ
2087,ʒef,ʒf
2088,ʒeHun,ʒHn
2089,ʒew,ʒw
2090,ʒi,ʒ
2091,ʒib,ʒb
2092,ʒiba,ʒb
2093,ʒiban,ʒbn
2094,ʒibar,ʒbr
2095,ʒibih,ʒbh
2096,ʒid,ʒd
2097,ʒif,ʒf
2098,ʒifor,ʒfr
2099,ʒigal,ʒgl
2100,ʒiib,ʒb
2101,ʒik,ʒk
2102,ʒikan,ʒkn
2103,ʒikun,ʒkn
2104,ʒimol,ʒml
2105,ʒin,ʒn
2106,ʒina,ʒn
2107,ʒinab,ʒnb
2108,ʒinb,ʒnb
2109,ʒir,ʒr
2110,ʒiVp,ʒp
2111,ʒo,ʒ
2112,ʒor,ʒr
2113,ʒu,ʒ
2114,ʒub,ʒb
2115,ʒug,ʒg
2116,ʒuk,ʒk
2117,ʒum,ʒm
2118,ʒunah,ʒnh
2119,ʒur,ʒr
2120,ʒurayk,ʒryk
2121,ʒurayVk,ʒryk
2122,ʒuw,ʒw
2123,ʒuwV,ʒw
2124,ʒVb,ʒb
2125,ʒVg,ʒg
2126,ʒVhab,ʒhb
2127,ʒVHVʒ,ʒHʒ
2128,ʒVrab,ʒrb
