,Anatolia_Original,Anatolia_no_vowels
0,abbas,bbs
1,abdellos,bdlls
2,agathos,gths
3,angelitos,nglts
4,agelais,glis
5,agreophon,grphon
6,agreus,grus
7,agrotheos,grthos
8,agroikos,griks
9,agroitas,grits
10,ada,d
11,adamas,dms
12,adrastos,drsts
13,aetios,etos
14,athengoras,thngrs
15,athenaios,thnis
16,ailios,lios
17,aineas,inas
18,aipolos,ipls
19,aitne,itn
20,akestor,kstr
21,akis,ks
22,akka,kk
23,akkas,kks
24,akkes,kks
25,akkis,kks
26,akkos,kks
27,akko ,kk 
28,akrisios,krsos
29,aktayassis,ktysss
30,akulas,kls
31,akuline,kln
32,akulios,klos
33,albasis,lbss
34,alexandros,lxndrs
35,alpale,lpl
36,amethystos,mthysts
37,ammia,mma
38,amyntas,mynts
39,amphitas,mphts
40,andron,ndrn
41,anthrakion,nthrkon
42,athrax,thrx
43,annios,nnos
44,anoptenos,nptns
45,antigonos,ntgns
46,antidoros,ntdrs
47,antipatros,ntptrs
48,apatourios,pturos
49,apelles,plls
50,apollodotos,plldts
51,apollonides,pllnds
52,apollonios,pllnos
53,apphia,ppha
54,apphion,pphon
55,apphous,pphus
56,aristeides,rstids
57,harmalos,hrmls
58,armapias,rmpas
59,armaronzas,rmrnzs
60,armedymnos,rmdymns
61,harmostos,hrmsts
62,harpalea,hrpla
63,harpaleos,hrplos
64,harpale,hrpl
65,harpalos,hrpls
66,arteimas,rtims
67,artimas,rtms
68,arteimes,rtims
69,artimes,rtms
70,arteimos,rtims
71,artemas,rtms
72,artemelin,rtmln
73,artemidoros,rtmdrs
74,artimes,rtms
75,aromatine,rmtn
76,asklepiades,sklpads
77,asklepios,sklpos
78,ata,t
79,atarybes,trybs
80,atarybos,trybs
81,attaginos,ttgns
82,attalis,ttls
83,attalos,ttls
84,attes,tts
85,aurelios,urlos
86,auchenios,uchnos
87,achnaros,chnrs
88,achurion,chron
89,babas,bbs
90,babeis,bbis
91,babes,bbs
92,babylos,bbyls
93,babys,bbys
94,babon,bbn
95,bakchios,bkchos
96,bakchis,bkchs
97,bakchodoros,bkchdrs
98,balasopos,blsps
99,ballaros,bllrs
100,ballas,blls
101,ballikon,bllkn
102,ballis,blls
103,ballion,bllon
104,bas,bs
105,basilas,bsls
106,baskirates,bskrts
107,bassos,bsss
108,bastas,bsts
109,bates,bts
110,batias,btas
111,bativa,btv
112,bation,bton
113,batis,bts
114,batiskos,btsks
115,batittos,bttts
116,batichos,btchs
117,bation,bton
118,batrachos,btrchs
119,battaros,bttrs
120,batyle,btyl
121,batyllis,btylls
122,batylon,btyln
123,bato,bt
124,baton,btn
125,bayas,bys
126,bays,bys
127,bauo,bu
128,bdellianos,bdllans
129,berenike,brnk
130,berronike,brrnk
131,beryllianos,bryllans
132,beryllos,brylls
133,billaros,bllrs
134,billas,blls
135,billis,blls
136,billos,blls
137,bisthaios,bsthis
138,bisthanes,bsthns
139,bistharos,bsthrs
140,bisthas,bsths
141,bisthon,bsthn
142,bista,bst
143,bistes,bsts
144,bitie,bte
145,bitina,btn
146,bitinna,btnn
147,bition,bton
148,bittalos,bttls
149,bittare,bttr
150,bittaros,bttrs
151,bitte,btt
152,bittion,btton
153,bittis,btts
154,bitto,btt
155,bitton,bttn
156,blastos,blsts
157,boa,ba
158,boas,bas
159,boidas,bids
160,boidion,bdion
161,boiskos,bisks
162,bosthon,bsthn
163,botas,bts
164,botes,bts
165,botias,btas
166,botilla,btll
167,bottas,btts
168,bottos,btts
169,bottylos,bttyls
170,boton,btn
171,boukolos,bukls
172,boutalinos,butlns
173,boutalion,butlon
174,boutas,buts
175,brabeus,brbus
176,breton,brtn
177,brephylos,brphyls
178,brikkon,brkkn
179,bryaxis,bryxs
180,bryassis,brysss
181,byzinos,byzns
182,ganymedes,gnymds
183,gastron,gstrn
184,gdaba,gdb
185,gdbeti,gdbt
186,gellias,gllas
187,gello,gll
188,gennaios,gnnis
189,georgios,gorgos
190,gillos,glls
191,glykon,glykn
192,gongylos,gngyls
193,gokousa,gkus
194,gokon,gkn
195,gogros,ggrs
196,grymea,gryma
197,grypos,gryps
198,grytas,gryts
199,grytes,gryts
200,grytis,gryts
201,gryttos,grytts
202,gryton,grytn
203,gyges,gygs
204,gygos,gygs
205,dawon,dwn
206,damas,dms
207,damasithymos,dmsthyms
208,daos,dos
209,dauokas,duks
210,daphitas,dphts
211,daphnon,dphnn
212,demetrios,dmtros
213,demokritos,dmkrts
214,demaros,dmrs
215,didrachmon,ddrchmn
216,dielites,dltes
217,dikaios,dkis
218,diliporis,dlprs
219,diogenes,dogns
220,diogenianos,dgnanos
221,diokletianos,dkltanos
222,dionysikles,donyskls
223,dionysios,donysos
224,ditas,dts
225,dokkalos,dkkls
226,domas,dms
227,domnos,dmns
228,drabokikkos,drbkkks
229,drabon,drbn
230,drachme,drchm
231,drilos,drls
232,dylyporis,dylyprs
233,dokeus,dkus
234,dokidas,dkds
235,dokos,dks
236,heiamenos,himns
237,eikadion,kdion
238,eirenaios,irnis
239,hekaton,hktn
240,hekebolos,hkbls
241,elaton,ltn
242,helesibios,hlsbos
243,elephas,lphs
244,hellanokrates,hllnkrts
245,hellaphilos,hllphls
246,hellokrates,hllkrts
247,elpidios,lpdos
248,elpis,lps
249,embromos,mbrms
250,eoenios,onos
251,eaphrodeitos,aphrdits
252,?,?
253,hermaios,hrmis
254,ermakotas,rmkts
255,ermapias,rmpas
256,ermedymnos,rmdymns
257,ermenennis,rmnnns
258,hermeus,hrmus
259,hermon,hrmn
260,erpid,rpd
261,erymneus,rymnus
262,eubatos,ubts
263,eubotos,ubts
264,eudamos,udms
265,eudokos,udks
266,euenios,unos
267,euios,uos
268,euripides,urpds
269,euripos,urps
270,eurybotos,urybts
271,euphron,uphrn
272,eucheiros,uchirs
273,epharmostos,phrmsts
274,ephebos,phbs
275,echimouas,chmus
276,wanachadrous,wnchdrus
277,wastias,wstas
278,wechimouas,wchmus
279,zenas,zns
280,zenon,znn
281,zogolabis,zglbs
282,zowes,zws
283,zosarion,zsron
284,herbesas,hrbss
285,hemimnaios,hmmnis
286,herakleides,hrklids
287,herakles,hrkls
288,hephaistion,hphstion
289,theodokos,thdkos
290,theodotos,thdtos
291,theodoulos,thdulos
292,theodoros,thdros
293,theopropos,thprpos
294,theophilos,thphlos
295,theophron,thphron
296,thelymitres,thlymtrs
297,therarchros,thrrchrs
298,theron,thrn
299,theronides,thrnds
300,thys,thys
301,thomas,thms
302,iazarmas,zrmas
303,iass999os,ass999s
304,iason,asn
305,idagugos,dggs
306,iddouas,ddus
307,idyes,dys
308,idyssollos,dysslls
309,hierax,herx
310,hieros,hers
311,iesous,esus
312,imbareldos,mbrlds
313,imbiaimis,mbams
314,imbiassis,mbasss
315,imbiarsis,mbarss
316,imbra,mbr
317,imbres,mbrs
318,imbrasides,mbrsds
319,imma,mm
320,ioulios,olos
321,hippalos,hppls
322,hippolochos,hpplchs
323,isobounos,sbuns
324,histiaios,hstaos
325,ioann-,onn-
326,ioannes,onns
327,kabllas,kblls
328,kadaouas,kdoas
329,kadoas,kdas
330,kaikos,kiks
331,kaios,kis
332,kalabotes,klbts
333,kallias,kllas
334,kallimedes,kllmds
335,kallimorphos,kllmrphs
336,kallippos,kllpps
337,kalloas,kllas
338,kambalas,kmbls
339,kambalos,kmbls
340,kamon,kmn
341,kandayles,kndyls
342,kaparon,kprn
343,kapparas,kpprs
344,kapparis,kpprs
345,kapparos,kpprs
346,kardama,krdm
347,kardamion,krdmon
348,kasia,ksa
349,kasios,ksos
350,kastaios,kstis
351,kastor,kstr
352,kbamoas,kbmas
353,kebiomos,kbmos
354,kegchreas,kgchras
355,kedebes,kdbs
356,keddebes,kddbs
357,keler,klr
358,kendebes,kndbs
359,kenthebes,knthbs
360,kefisis,kfss
361,kefisodoros,kfsdrs
362,kikinnas,kknns
363,kilas,kls
364,killakter,kllktr
365,killara,kllr
366,killaron,kllrn
367,killaros,kllrs
368,killas,klls
369,killes,klls
370,killikon,kllkn
371,killion,kllon
372,killortes,kllrts
373,killortion,kllrton
374,killos,klls
375,killo,kll
376,killon,klln
377,kilon,kln
378,kimortion,kmrton
379,kinnamis,knnms
380,kinnamos,knnms
381,kiros,krs
382,kiron,krn
383,kironides,krnds
384,klaudios,kludos
385,kleonymos,klnymos
386,koas,kas
387,kodios,kdos
388,koies,kis
389,kointhos,kinths
390,kokkeios,kkkis
391,kolakonymos,klknyms
392,kolalemis,kllms
393,kollybas,kllybs
394,kollybiskos,kllybsks
395,komdi,kmd
396,konalis,knls
397,konallis,knlls
398,konios,knos
399,konnarion,knnron
400,konnaros,knnrs
401,konnas,knns
402,konnis,knns
403,konnion,knnon
404,kono,kn
405,konon,knn
406,kopron,kprn
407,koralles,krlls
408,korwalis,krwls
409,korinna,krnn
410,korips,krps
411,kormis,krms
412,kormos,krms
413,korragos,krrgs
414,korragys,krrgys
415,koryzon,kryzn
416,korylas,kryls
417,koronos,krns
418,kostos,ksts
419,kougas,kugs
420,kranis,krns
421,kresaouestis ,krsoests 
422,krithis,krths
423,krithon,krthn
424,krokion,krkon
425,krokos ,krks 
426,krystallos,krystlls
427,kydramyas,kydrmys
428,kydropolis,kydrpls
429,kythros,kythrs
430,kylaros,kylrs
431,kyllas,kylls
432,kynortas,kynrts
433,kynoros,kynrs
434,kyrebion,kyrbon
435,kyriakos,kyraks
436,kyrillos,kyrlls
437,kyrios,kyros
438,kokalos,kkls
439,kokaros,kkrs
440,kokas,kks
441,kokion,kkon
442,kokos,kks
443,kolaios,klis
444,kolotaras,kltrs
445,kolotes,klts
446,kolotion,klton
447,koios,kis
448,korabos,krbs
449,leimon,limn
450,leon,lon
451,lenis,lns
452,lerokritos,lrkrts
453,libanos,lbns
454,libanios,lbnos
455,liby-,lby-
456,likinnios,lknnos
457,limnaiis,lmnis
458,limnaios,lmnis
459,lipas,lps
460,lykortas,lykrts
461,lysimachos,lysmchs
462,malabathrine,mlbthrn
463,mammarion,mmmron
464,mammaros,mmmrs
465,mandr,mndr
466,mandro,mndr
467,mandros ,mndrs 
468,manes,mns
469,mania,mna
470,manitas,mnts
471,margareites,mrgrits
472,maria,mra
473,marmarine,mrmrn
474,marmarion,mrmron
475,marmarios,mrmros
476,marsyas,mrsys
477,mayssolos,myssls
478,melaineys,mlinys
479,melanas,mlns
480,melas,mls
481,meleagros,mlagrs
482,meliton,mltn
483,menandros,mnndrs
484,menippos,mnpps
485,menitas,mnts
486,mennessa,mnnss
487,metras,mtrs
488,mithradates,mthrdts
489,mikkalos,mkkls
490,minnakos,mnnks
491,minnaros,mnnrs
492,minnas,mnns
493,minne,mnn
494,minnis,mnns
495,minnion,mnnon
496,minnos,mnns
497,minno,mnn
498,minon,mnn
499,mitylos,mtyls
500,mitys,mtys
501,moas,mas
502,moichos,michs
503,molesios,mlsos
504,moles ,mls 
505,molossos,mlsss
506,mormias,mrmas
507,morminos,mrmns
508,mormylos,mrmyls
509,mormo,mrm
510,motalis,mtls
511,motylos,mtyls
512,mouas,mus
513,moseta,mst
514,moyseta,myst
515,motas,mts
516,moytas,myts
517,mylleas,myllas
518,myskentes,mysknts
519,myrismiane,myrsman
520,myron,myrn
521,myropnous,myrpnus
522,myrton,myrtn
523,myro,myr
524,myskentes,mysknts
525,myskon,myskn
526,mysches,myschs
527,myschides,myschds
528,myschon,myschn
529,mytas,myts
530,myttes,mytts
531,myttion,mytton
532,myon,myn
533,moros,mrs
534,mos ,ms 
535,mosetas,msts
536,nana,nn
537,nannarion,nnnron
538,nannas,nnns
539,nannis,nnns
540,nannichos,nnnchs
541,nanno,nnn
542,nanos,nns
543,nanous,nnus
544,naodoros,ndros
545,nardine,nrdn
546,nardion,nrdon
547,nardos,nrds
548,nausi,nus
549,neanias,nanas
550,neodoros,ndros
551,neoptolemos,nptlmos
552,neottis,notts
553,neterbimos,ntrbms
554,neokoros,nkros
555,nikares,nkrs
556,nikeforos,nkfrs
557,nothon,nthn
558,nossikas,nssks
559,nossis,nsss
560,nossion,nsson
561,nossos,nsss
562,nossylos,nssyls
563,nosson,nssn
564,xenylos,xnyls
565,xysaris,xysrs
566,xousaris,xusrs
567,obole,bl
568,obra,br
569,oionos,ins
570,olynpias,lynpas
571,oniallis,nalls
572,onopeganos,npgns
573,opra,pr
574,opramoas,prmas
575,opramos,prms
576,ornpeimis,rnpmis
577,orobis,rbs
578,oromneus,rmnus
579,orymeus,rymus
580,orabaimis,rbmis
581,ossapias,sspas
582,ouaxamoas,uxmas
583,ouaxamos,uxms
584,ouliades,ulads
585,oulpios,ulpos
586,ounion,unon
587,pagkrates,pgkrts
588,paiawas,piws
589,paidopolites,pdplits
590,panakestor,pnkstr
591,pantaleon,pntlon
592,panyassis,pnysss
593,papa,pp
594,papias,ppas
595,papion,ppon
596,papos,pps
597,papas,pps
598,papoustis,ppusts
599,parmenitas,prmnts
600,pastorides,pstrds
601,pataikios,ptkios
602,pataikiskos,ptkisks
603,pataikion,ptkion
604,pataikos,ptiks
605,patis,pts
606,pateis,ptis
607,pates ,pts 
608,paua,pu
609,paulos,puls
610,pigasis,pgss
611,peigasis ,pgsis 
612,peritas,prts
613,petingas,ptngs
614,petros,ptrs
615,peganes,pgns
616,peganos,pgns
617,pedisas,pdss
618,peleus,plus
619,pigasis,pgss
620,pigassos,pgsss
621,pigomos,pgms
622,pigramis,pgrms
623,pigramos,pgrms
624,pittakos,pttks
625,pittalakos,pttlks
626,pittalos,pttls
627,pittias,pttas
628,pitticha,pttch
629,poa,pa
630,podenemos,pdnms
631,polychronios,plychrnos
632,poneselmos,pnslms
633,pontikos,pntks
634,ponyssollos,pnysslls
635,poplios,pplos
636,posthalion ,psthlon 
637,posthion,psthon
638,posthylos ,psthyls 
639,posthon,psthn
640,potamis,ptms
641,potamodoros,ptmdrs
642,prabreus,prbrus
643,prouneikos,pruniks
644,ptolemaios,ptlmis
645,pylades,pylds
646,pylaimenes,pylimns
647,pynamywas,pynmyws
648,pyribates,pyrbts
649,pyrimatis,pyrmts
650,rodamne,rdmn
651,roikos,riks
652,rouphos,ruphs
653,rybes,rybs
654,rybos,rybs
655,rozarmas,rzrms
656,roizis,rzis
657,rozis,rzs
658,rondas,rnds
659,satheias,sthis
660,sathes,sths
661,sathinos,sthns
662,sathon,sthn
663,salakos,slks
664,salax,slx
665,salaros,slrs
666,salios,slos
667,sallion,sllon
668,sanda,snd
669,sandas,snds
670,sandes,snds
671,sandos,snds
672,sannaios,snnis
673,sannas,snns
674,sanniades,snnads
675,sannidoros,snndrs
676,sannios,snnos
677,sannion,snnon
678,sanno,snn
679,sardion,srdon
680,sardonux,srdnx
681,sarke,srk
682,sarkis,srks
683,sarpedon,srpdn
684,saryassis ,srysss 
685,sasas,sss
686,sasines,ssns
687,satyros,styrs
688,saukrateis,sukrtis
689,saureas,suras
690,sautias,sutas
691,seleukos,sluks
692,sergios,srgos
693,serotines,srtns
694,sialas,slas
695,simalos,smls
696,simon,smn
697,sindenos,sndns
698,sirikis,srks
699,sittas,stts
700,skaios,skis
701,skalabotes,sklbts
702,skamandros,skmndrs
703,skamon,skmn
704,skila,skl
705,skiton,sktn
706,skollos,sklls
707,skopas,skps
708,skybalos,skybls
709,skythros,skythrs
710,smaragdos,smrgds
711,smordos,smrds
712,smordon,smrdn
713,smyrne,smyrn
714,sousou,susu
715,sroemis,srems
716,stakte,stkt
717,stachus,stchs
718,stephanos,stphns
719,strabelaphos,strblphs
720,stratonike,strtnk
721,strongylos,strngyls
722,strombos,strmbs
723,styrax,styrx
724,synegdmos,syngdms
725,syrphax,syrphx
726,sphairos,sphirs
727,sphenorchis,sphnrchs
728,sokras,skrs
729,sosias,ssas
730,sosistratos,ssstrts
731,sotalos,stls
732,taxi,tx
733,taxis,txs
734,tarkondarios,trkndros
735,tarkynnis,trkynns
736,tatia,tta
737,tatias,ttas
738,tatis,tts
739,tedenenis,tdnns
740,tedinenis,tdnns
741,teires,tirs
742,tertia,trta
743,timalos,tmls
744,timesianax,tmsnax
745,toallis,talls
746,tonios,tnos
747,tonneios,tnnis
748,tonnios,tnnos
749,trebemis,trbms
750,trikkas,trkks
751,trokozarmas,trkzrms
752,trokondas,trknds
753,tryphon,tryphn
754,tycharous,tychrus
755,tolas,tls
756,hypselos,hypsls
757,hypsikles,hypskls
758,hypsiklis,hypskls
759,phaitas,phits
760,pharnakes,phrnks
761,phelleus,phllus
762,philemon,phlmn
763,philittos,phltts
764,philomatris,phlmtrs
765,philostephanos,phlstphns
766,philotechnos,phltchns
767,phittakos,phttks
768,phitto,phtt
769,phlaouios,phlios
770,phormisios,phrmsos
771,phorys,phrys
772,phoryskides,phryskds
773,phoryskos,phrysks
774,phronton,phrntn
775,physkon,physkn
776,phosphorios,phsphros
777,chairemonis,chrmnis
778,charikleia,chrkli
779,charmides,chrmds
780,charmos,chrms
781,chidron,chdrn
782,choregion,chrgon
783,christos,chrsts
784,chrysasmis,chryssms
785,chrysenios,chrysnos
786,chrysianos,chrysans
787,chrysippos,chryspps
788,chrysodoros,chrysdrs
789,chrysopteros,chrysptrs
790,chrysoros,chrysrs
791,psycharion,psychron
792,psycharis,psychrs
793,psychas,psychs
794,psoleas,pslas
795,psorion,psron
796,oges,gs
797,oros,rs
