,Post_Basque_Original,Post_Basque_no_vowels
0,Proto-Basque,Prt-Bsqe
1,en-vanastu,n-vnst
2,anar,nr
3,xararr,xrrr
4,ewVn,wVn
5,antsun,ntsn
6,atta,tt
7,faise,fis
8,yanes,yns
9,alno,ln
10,alg,lg
11,vama,vm
12,ad-gnai,d-gni
13,vanti,vnt
14,eo,o
15,anar,nr
16,*xV-(theta)or,*xV-(tht)r
17,art,rt
18,alutano,ltn
19,vakrelu,vkrl
20,argi,rg
21,varretsu,vrrts
22,anreba,nrb
23,farw-i,frw-
24,arr,rr
25,ant,nt
26,anetsu,nts
27,vatr,vtr
28,fed-s,fd-s
29,fetsu,fts
30,faur,fur
31,ba,b
32,bary,bry
33,bard,brd
34,bar-s,br-s
35,oktsu,kts
36,[th]eubn,[th]ubn
37,obegi,bg
38,beu,bu
39,yebel[th]alyV,ybl[th]lyV
40,ben-glaun,bn-glun
41,ebeolV,bolV
42,be-lV,b-lV
43,be-de,b-d
44,bel,bl
45,bew-a,bw-
46,bi,b
47,bel,bl
48,bel-n,bl-n
49,biutsu,btsu
50,bost,bst
51,yebulu,ybl
52,bust,bst
53,bustaryV,bstryV
54,bag,bg
55,de,d
56,eu-do,u-d
57,age,g
58,age-l,g-l
59,galyV,glyV
60,gin,gn
61,ufo-es,f-s
62,gotsu,gts
63,ðewu,ðw
64,ðegru,ðgr
65,veuk,vuk
66,eman,mn
67,eneusu,nsu
68,fer,fr
69,ver,vr
70,yel,yl
71,ver-io,vr-o
72,veli-l,vl-l
73,ver-o,vr-
74,fed,fd
75,ðelyan,ðlyn
76,atr,tr
77,eryo,ry
78,erru,rr
79,serw,srw
80,sed,sd
81,yesku,ysk
82,ðeθin,ðθn
83,etV,tV
84,torr,trr
85,θektsu,θkts
86,xeul-l,xul-l
87,enbri,nbr
88,en-si,n-s
89,enetsur,ntsr
90,ufo-,f-
91,ufar-,fr-
92,waktsu,wkts
93,gar,gr
94,geleu,glu
95,wast,wst
96,gebel,gbl
97,giθonV,gθnV
98,wolyV,wlyV
99,wu,w
100,θi,θ
101,aban-,bn-
102,bel,bl
103,bel-n-,bl-n-
104,wad,wd
105,yoini,yni
106,ad-kuis,d-kis
107,kutsu,kts
108,vel,vl
109,ven-IV,vn-IV
110,filC,flC
111,fulC,flC
112,uln,ln
113,en-lunn,n-lnn
114,inna vurwi,nn vrw
115,reu,ru
116,fel-i,fl-
117,θire,θr
118,θisure,θsr
119,endo-salso,nd-sls
120,end-salso,nd-sls
121,suru,sr
122,sur,sr
123,antsu,nts
124,yektsu,ykts
125,es-,s-
126,asar,sr
127,θeg,θg
128,yutsu,yts
129,futsu,fts
130,el-,l-
131,eð,ð
132,von,vn
133,vrabulu,vrbl
134,felarru,flrr
135,verastero,vrstr
136,vrastero,vrstr
137,felava,flv
138,leyo,ly
139,ludr,ldr
140,luyVtsu,lyVts
141,luytsu,lyts
142,ben-e,bn-
143,bend-i,bnd-
144,ðenbin,ðnbn
145,ðebVn,ðbVn
146,negu-,ng-
147,yen-et-ska,yn-t-sk
148,yn-et-ska,yn-t-sk
149,vne,vn
150,eno,n
151,xorulu,xrl
152,foð-en,fð-n
153,bon,bn
154,xoli,xl
155,elen-,ln-
156,yol,yl
157,ol-,l-
158,ðolyV,ðlyV
159,odentsu,dnts
160,odents,dnts
161,forVtsu,frVts
162,olV-so,lV-s
163,ougtsu,gtsu
164,seks,sks
165,seun-,sun-
166,aitsu,its
167,ensuduru,nsdr
168,sor-,sr-
169,ðugatsu,ðgts
170,vuk-,vk-
171,θekven-,θkvn-
172,ur,r
173,vura-,vr-
174,fuluso-,fls-
175,θuskyV,θskyV
176,ðutsu,ðts
177,vutsuku-,vtsk-
178,vutsu-,vts-
179,vusku-,vsk-
180,xutsk-,xtsk-
181,san-ar,sn-r
182,savun-,svn-
183,septsuv,sptsv
184,sV,sV
185,sangira,sngr
186,sorw-,srw-
187,su,s
188,tsullo,tsll
189,tsuru,tsr
