Identical Matches,Pro_Basque_Word,Linear A word,Source
ts,aitsu,TISA,HT31
ts,aitsu,TUSU,PK1
ts,aitsu,]TOSA,PK ZA 16
nr,anar,NIRA,HT23B
nr,anar,NURE,HT154Ja
nt,ant,NATI,HT97a
nt,ant,NATU,HT47a
nt,ant,NUTE,HT154Ja
nt,ant,NUTI1,ZA009
nt,ant,]NITA[,ARKJ004a
rr,arr,RARI,HT122a
rr,arr,RORO,KE Wc 2b
rt,art,RETI,MA2b
rt,art,RETU,HT40
rt,art,]RUTE,IO ZA 14
tr,atr,TARA,HT89
tr,atr,TERI,PH31b
tt,atta,TATA,KH007a
tt,atta,TATI,HT26A
tt,atta,TETU,HT13
tt,atta,TETU,HT7A
d,de,DA,HT86a
d,de,DA,Wa 1031
d,de,DI,HT85b
mn,eman,]MINA[,KH 79 + 89
ns,eneusu,NASI,AP ZA 2
ns,eneusu,NASI,HT28b
ns,eneusu,NUSE[,KN Wa 33b
n,eno,NI,HT111a
n,eno,NI,HT28a
n,eno,NI,HT28b
n,eno,NI,HT30
n,eno,NI,HT90
n,eno,NI,KH 88
n,eno,NI,KH 91
n,eno,]NU,PK ZA 4
n,eno,nan,KN ZA 10
r,reu,RA2,ZA011b
r,reu,RE,HT27b
r,reu,RO,HT85b
r,reu,RO,Wa 1032-1121
r,reu,RO,Wb 2002
r,reu,]RU,MA 10
sd,sed,SADI,HT111b
sd,sed,SUDU,HT40
s,su,SA,HT27b
s,su,SI,HT27b
s,su,SI,HT30
s,su,SI,Wa 1175-1266
s,su,SI4,ZA009
s,su,]SI,PK ZA 10
sr,suru,SARA,HT100
sr,suru,SARA,HT102
sr,suru,SARA,HT105
sr,suru,SARA,HT114a
sr,suru,SARA,HT62
sr,suru,SARA,HT94a
sr,suru,SARA,HT99a
sr,suru,SARO,HT17
sr,suru,SARO,HT19
sr,suru,SARO,HT40
sr,suru,SARO,HT9A
sr,suru,SARU,HT86a
sr,suru,SARU,HT86b
sr,suru,SARU,HT94b
sr,suru,SARU,HT95a
sr,suru,SARU,HT95b
sr,suru,SARYA,HT32
sr,suru,SARYA,HT33
sr,suru,SARYA,HT34
sr,suru,SIRU,HT55a
sr,suru,SIRU,TR ZA 1
sr,suru,SIRU[,IO ZA 15
sr,suru,SIRU[,PK ZA 10
sr,suru,SURE,HT32
wd,wad,WADI,HT94b
wd,wad,WIDU,HT 5
w,wu,WA,HT98a
w,wu,WA,Wc 3019
yn,yoini,YANA,nan
