﻿Source,NEW FORMAT,Linear A
HT 1,QE-RA-U,qru
HT 1,KI-RO,kr
HT 1,ZU-SU,zs
HT 1,DI-DI-KA-ZE,ddkz
HT 1,KU-[AB056]-NU,k056n
HT 1,A-RA-NA-RE,arnr
HT 2,A-KA-RU,akr
HT 2,KI-RE-TA-NA,krtn
HT 3,QE-RA-JA,qrj
HT 3,QE-RA-YA,qry
HT 3,MU-RU,mr
HT 3,KU-[AB056]-NU,k056n
HT 3,MA-DI,md
HT 4,RA-TI-KA-A-RE,rtar
HT 4,DU-RI-TE,drt
HT 4,PA-RE,pr
HT 4,TA-PI-RU-DI,tprd
HT 5,[A307],307
HT 5,MA-SI,ms
HT 5,WI-DU,wd
HT6A,KA-PA,kp
HT6A,TE-NI,tn
HT6A,DA-TA-RA,dtr
HT6A,PI-TA-JA,ptj
HT6A,PI-TA-YA,pty
HT6A,MA-QA,mq
HT6A,KI-[AB076]-DI-NE,k076dn
HT6A,KA-PA-QE,kpq
HT6A,DA-QE-RA,dqr
HT6A,QE-PI-TA,qpt
HT6B,WA-DU-NI-MI,wdnm
HT6B,RA-TI-SE,rts
HT6B,MA-RI-I-I,mr999i
HT6B,DU-DA-MA,ddm
HT6B,DA-KI,dk
HT6B,SA-MA,sm
HT6B,[AB056]-NI-DI,056nd
HT7A,QE-TI,qt
HT7A,I-RU-JA,irj
HT7A,I-RU-YA,iry
HT7A,DU-JA,dj
HT7A,DU-YA,dy
HT7A,TA-NI-TI,tnt
HT7A,DA-RE,dr
HT7A,TE-TU,tt
HT7A,[AB021F]-TU-NE,021tn
HT7A,DA-RU-[A329],dr329
HT8A,JE-DI-KI,jdk
HT8A,YE-DI-KI,ydk
HT8A,[AB056]-KA-RA-TI,056krt
HT8A,TE-[A301],t301
HT8A,QA-[A310]-I,q310i
HT8A,SI-KI-RA,skr
HT8A,KI-RE-TA-NA,krtn
HT8B,SU-[AB029]-[AB188],s029188
HT8B,[AB056]-[AB188],56188
HT8B,QA-[A310]-I,q310i
HT8B,KA-PA,kp
HT8B,PA-JA-RE,pjr
HT8B,PA-YA-RE,pyr
HT8B,[A565],565
HT9A,SA-RO,sr
HT9A,PA-DE,pd
HT9A,[AB076]-TU,076t
HT9A,DI-NA-U,dnu
HT9A,QE-PU,qp
HT9A,[A301]-DI-RA,301dr
HT9A,TA-I-[AB123],ti123
HT9A,A-RU,ar
HT9A,KU-RO,kr
HT9B,WA-JA-PI,wjp
HT9B,WA-YA-PI,wyp
HT9B,KA-[A305],k305
HT9B,PA-DE,pd
HT9B,A-SI,as
HT9B,[AB076]-TU,076t
HT9B,[A301]-DI-RA,301dr
HT9B,QE-PU,qp
HT9B,TA-I-[AB123],ti123
HT9B,DI-NA-U,dnu
HT9B,KU-RO,kr
HT10A,KU-NI-SU,kns
HT10A,SA-MA,sm
HT10A,DA-RE,dr
HT10A,U-QA-ZA,uqz
HT10A,[A301],301
HT10A,U-QA-ZA,uqz
HT10A,[A305]-RU,305r
HT10A,DA-RI-DA,drd
HT10A,ME-ZA,mz
HT10B,U-TI,ut
HT10B,DA-SI,ds
HT10B,TA-RI-NA,trn
HT10B,[A312]-TA,312t
HT10B,KA-SA-RU,ksr
HT10B,TA-NA-TI,tnt
HT11A,A-RU-RA,arr
HT11A,KA-RO-NA,krn
HT11A,A-SU-RA,asr
HT11A,KU-RO,kr
HT11B,[A100]-I,100i
HT11B,DE-NU,dn
HT11B,RU-[AB076],r076
HT11B,RU-ZU-NA,rzn
HT11B,SA-QE-RI,sqr
HT11B,KU-RO,kr
HT12,QA-TI-DA-TE,qtdt
HT12,QE-TU-NE,qtn
HT12,DA-I,di
HT13,KA-U-DE-TA,kudt
HT13,RE-ZA,rz
HT13,TE-TU,tt
HT13,TE-KI,tk
HT13,KU-ZU-NI,kzn
HT13,DA-SI-[AB118],ds118
HT13,I-DU-NE-SI,idns
HT13,KU-RO,kr
HT14,PU-[AB131A],p131
HT14,A-[AB029]-NA-DU,a029nd
HT15,U-[AB034]-SI,u034s
HT15,DU-[AB123]-A,d123a
HT15,KI-RO,kr
HT16,KA-KU-PA,kkp
HT16,DI-NA-U,dnu
HT16,SA-[AB011],s011
HT17,RA-[AB164]-TI,r164t
HT17,SA-RO,sr
HT17,SI-DA-RE,sdr
HT18,PA-SE,ps
HT19,SA-[AB076],s076
HT19,RA-[AB164]-TI,r164t
HT19,SA-RO,sr
HT19,DU-ME-DI,dmd
HT19,PA-RO-SU,prs
HT19,KU-MA-JU,kmj
HT19,KA-MA-YU,kumayu
HT19,QE-KU-RE,qkr
HT19,SA-RE-JU,srj
HT19,SA-RE-YU,sry
HT20,PI-TA-KE-SE,ptks
HT23A,KA-NA,kn
HT23A,SA-SA-ME,ssm
HT23A,KO-RU,kr
HT23B,NI-RA,nr
HT23B,[]-RI-QU-TA,xrqt
HT24A,KU-[AB056]-RI-JA,k056rj
HT24A,KU-[AB056]-RI-YA,k056ry
HT24A,PA-SA-RI-JA,psrj
HT24A,PA-SA-RI-YA,psry
HT24A,RU-I-KO,rik
HT25A,DI-NA-U,dnu
HT25A,RU-NI,rn
HT25A,U-RE-WI,urw
HT25A,DI-NA-U,dnu
HT25A,A-RI-NI-TA,arnt
HT25A,TU-QE-NI,tqn
HT25A,ZA-JU-[AB029],zj029
HT25A,ZA-YU-[AB029],zy029
HT25A,DU-RU-WI,drw
HT25A,I-KI-RA,ikr
HT26A,[A312]-TE-TE,312tt
HT26A,TA-TI,tt
HT26A,MI-KI-SE-NA,mksn
HT26A,U-NU,un
HT26B,RO-NI,rn
HT26B,KA-U-ZU-NI,kuzn
HT27A,KI-NI-TA,knt
HT27A,I-MI-SA-RA,imsr
HT27A,SA-RA-DI,srd
HT27A,KI-DA,kd
HT27A,KU-RO,kr
HT27b,MI-DO-[AB131A]-WA,md131w
HT27b,SA,s
HT27b,[AB131A],131
HT27b,[AB120],120
HT27b,SA,s
HT27b,RE,r
HT27b,[AB131A],131
HT27b,SI,s
HT27b,PA-SE,ps
HT27b,[AB131A]-WA,131w
HT27b,SA,s
HT27b,RE,r
HT27b,[AB131A]-[AB120],131120
HT27b,SA,s
HT27b,RE-[],rx
HT28a,A-SI-JA-KA,asjk
HT28a,A-SI-YA-KA,asyk
HT28a,JA-ME,jm
HT28a,YA-ME,ym
HT28a,JA-[AB021F],j021
HT28a,YA-[AB021F],y021
HT28a,[A578],278
HT28a,[AB120]+QE,120q
HT28a,[A610],610
HT28a,[A618],618
HT28a,[A302]+KI,302k
HT28a,[A622],622
HT28a,[A302]+MI,302m
HT28a,[A621],621
HT28a,[A302]+TU,302t
HT28a,[A7092]-SA-RYA-[A608],709sr608
HT28a,[A7092]-SA-RYA-[A302]+DI,709sr302d
HT28a,NI,n
HT28a,[AB131A],131
HT28a,[A568]-[AB131A],568131
HT28a,[A100]+KA-[AB131A],100k131
HT28a,A-RU-DA-RA,ardr
HT28a,[AB120],120
HT28a,[A304],304
HT28a,[A608],608
HT28a,[A302]+DI,302d
HT28a,I-TA-JA-[A608],itj608
HT28a,I-TA-YA-[A608],ity608
HT28a,I-TA-JA-[A302]+DI,itj302d
HT28a,I-TA-YA-[A302]+DI,ity302d
HT28b,A-SI-JA-KA,asjk
HT28b,A-SI-YA-KA,asyk
HT28b,U-MI,um
HT28b,NA-SI,ns
HT28b,SA-RYA-[AB120],sr120
HT28b,[A302]-DI,302d
HT28b,NI,n
HT28b,[AB131A],131
HT28b,PU-RYA,999r
HT28b,NI,n
HT28b,JA-ME,jm
HT28b,YA-ME,ym
HT28b,JA-[AB021F],j021
HT28b,YA-[AB021F],y021
HT28b,[AB131A]+DI,131d
HT28b,WI-DI-NA-[A302]+DI,wdn302d
HT28b,[AB131A],131
HT28b,[A359],359
HT29,A-MA-TA,amt999
HT29,PA-JA-RE-[],pjr999
HT29,PA-YA-RE-[],pyr999
HT29,DI-JA-I,dji
HT29,DI-YA-I,dyi
HT29,SA-TI-MI,stm
HT29,SA-PI-MI,spm
HT29,[]-KI-TA,999kt
HT29,A-RE-DA-I,ardi
HT29,KA-DU-MA-NE,kdmn
HT30,SI,s
HT30,SA-RYA-[A303],sr303
HT30,NI,n
HT30,[AB131A],131
HT30,[A615],615
HT30,[A302]+TA,302t
HT30,SA-RA-RA,srr
HT30,[AB023M],23
HT30,KI-RO-[A303],kr303
HT30,[AB131A],131
HT30,[AB023M],23
HT30,[]-[A302]+TA,999302t
HT31,TI-SA,ts
HT31,PU-KO,pk
HT31,SU-PU,sp
HT31,KA-RO-[AB056],kr056
HT31,SA-JA-MA,sjm
HT31,SA-YA-MA,sym
HT31,[]-KI-DE-MA-TI-NA,999kdmtn
HT31,[]-KI-DE-MA-PI-NA,999kdmpn
HT31,SU-NU-RA,snr
HT31,PA-TE-QE,ptq
HT32,PI,p
HT32,SA-RYA,sr
HT32,SU-RE,sr
HT33,SA-RYA,sr
HT33,E+KA,ek
HT33,[A341]+PI,341p
HT33,[AB056]+QE,056q
HT33,QE+[AB056],q056
HT34,DA-JU-TE-SI-[B259],djts259
HT34,DA-YU-TE-SI-[B259],dyts259
HT34,SA-RYA,sr
HT34,MI-JA-KA,mjk
HT34,MI-YA-KA,myk
HT34,KI-RO,kr
HT35,TI-TI-KU,ttk
HT35,I-KU-TA,ikt
HT35,MI-JA-RU,mjr
HT35,MI-YA-RU,myr
HT36,JE-DI-PI-[],jdp999
HT36,YE-DI-PI-[],ydp999
HT36,DU-ZU-WA,dzw
HT37,MI-JA-RE,mjr
HT37,MI-YA-RE,myr
HT37,KA-KI,kk
HT37,RE-SU-[],rs999
HT37,[]-KI-[A310]-RE,999k310r
HT37,KI-RO-[A353]-KI,kr353k
HT37,A+DI,ad
HT37,A+NA,an
HT38,A+KA,ak
HT38,KA+A,ka
HT38,KU+WA,kw
HT38,WA-[A312],w312
HT39,TA-I-[AB123],ti123
HT39,KU-RE-[],kr999
HT39,SA-MA-TI,smt
HT39,KU-RO,kr
HT40,NU-DU-[A331],nd331
HT40,TE-[A120],t120
HT40,KI-RO-TA-[A120],krt120
HT40,QE-TU,qt
HT40,MI-DA-NI,mdn
HT40,PA-JA,pj
HT40,PA-YA,py
HT40,TA-SE+SI-TE,tsst
HT40,SA-RO,sr
HT40,SU-DU,sd
HT40,RE-TU,rt
HT43,MA-SI-DU,msd
HT43,PA-[A342]-I,p342i
HT44a,I-QA-DWO,iqd
HT46a,MU-RU-[],mr999
Ht46a,KU-RO,kr
HT47a,KA-[]-TU,k999t
HT47a,NA-TU,nt
HT47a,U-[]-PI,u999p
HT47a,KI-DA-RO-[],kdr999
HT47a,MI-NU-MI,mnm
HT47b,RA-NA-RE-[],rnr999
HT49a,SA-RYA-DU,srd
HT49a,QA-RYA-DU,qrd
HT49a,TA-NA-TI,tnt
HT49a,SU-KI,sk
HT49a,TI-DU-NI,tdn
HT49a,[]-SI-RA,999sr
HT49a,A-RU,ar
HT49a,TU-SU-PHU,tsp
HT51b,KU-MU-TA,kmt
HT52,SA-MA,sm
HT52,TE,t
HT52,DI-KA-KI-[],dkk999
HT53a,SA-NE-[],sn999
HT53b,KU-RO,kr
HT54a,KU-MI-NA-QE-[],kmnq999
HT54a,[]-KI-MI-RA,999kmr
HT55a,KI-RO,kr
HT55a,MA-RE,mr
HT55a,TE,t
HT55a,SI-RU,sr
HT55b,[]-WE-JA,999wj
HT55b,[]-WE-YA,999wy
HT57a,DA-QE-RA-[],dqr999
HT58,QE-TI-RA-DU,qtrd
HT58,[]-U-KI,999uk
HT60,[]-TO-WA-TO,999twt
HT60,QA+PU-[A709],qp709
HT61,MI-TI-[A579],mt579
HT62,SA-RA,sr
HT62,TE,t
HT62,KA-KU,kk
HT62,I-TI,it
HT63,TE,t
HT63,KA-TI,kt
HT63,SU-PU,sp
HT64,KU-[]-NA,k999n
HT64,RU-MA-[],rm999
HT66,TA-MI-[],tm999
HT67,KU-RO,kr
HT73,PA-I-KI-[],pik999
HT73,SA-RO-QE-[],srq999
HT74,KU-RO,kr
HT75,KA-RU,kr
HT79,[]-TU-PA-RI,999tpr
HT79,[]-KU-NI-[],999kn999
HT80,JU-RA,jrm
HT80,YU-RA,yrm
HT81,A-SE,as
HT81,MI+JA+RU,mjr
HT81,MI+YA+RU,myr
HT81,RI-SU-MA-[A709]-KI,rsm709k
HT84,JA-DU-[],jd999
HT84,YA-DU-[],yd999
HT84,[]-NI-TI,999niti
HT85a,A-DU,ad
HT85a,DA-RI-DA,drd
HT85a,U-[A325]-ZA,u325z
HT85a,DA-SI,ds
HT85a,KU-[AB079]-NI,k079n
HT85a,TE-KE,tk
HT85a,DA-SI,ds
HT85a,KU-RO-[],kr999
HT85b,KI-KI-RA-JA,kkrj
HT85b,KI-KI-RA-YA,kkry
HT85b,KI-SI-TA,kst
HT85b,QE-KA,qk
HT85b,RO,r
HT85b,TE-TU-[],tt999
HT85b,KA,k
HT85b,DI,d
HT85b,[AB024]-ZA,024z
HT85b,SI-DI-SE,sds
HT85b,WA-DU-NI-MI,wdnm
HT85b,MA-DI,md
HT85b,QA-[A310]-I,q310i
HT86a,A-KA-RU,akr
HT86a,KU-NI-SI,kns
HT86a,SA-RU,sr
HT86a,DI-MA-RU,dmr
HT86a,QA-RA-WA,qrw
HT86a,A-DU,ad
HT86a,DA,d
HT86a,MI-NU-TE,mnt
HT86b,A-KA-RU,akr
HT86b,KU-NI-SI,kns
HT86b,SA-RU,sr
HT86b,DI-MA,dm 
HT87,TU-NE,tn
HT87,MA-KA-RI-TE,mkrt
HT87,PI-TA-KE-SI,ptks
HT87,JA-RE-MI,jrm
HT87,YA-RE-MI,yrm
HT87,DI-KI-SE,dks
HT87,QE-SU-PU,qsp
HT87,KU-RU-KU,krk
HT87,A-RA-[]-A-TU,ar999at
HT88,A-DU,ad
HT88,RE-ZA,rz
HT88,KI-KI-NA,kkn
HT88,[]-KI-RO,999kr
HT88,KU-[]-[],k999999
HT88,KA-JU,kj
HT88,KA-YU,ky
HT88,KU-[]-NU,k999n
HT88,PA-JA-RE,pjr
HT88,SA-MA-RO,smr
HT88,DA-TA-RE,dtr
HT88,KU-RO,kr
HT89,A-SA-RA,asr
HT89,MI+[A317]+QE,m317q
HT89,MA-I-MI,mim
HT89,TA-RA,tr
HT89,KU-RO,kr
HT90,I-KU-RI-NA-SA-RA,ikrnsr
HT90,NI,n
HT90,SI-RU-MA-RI-TA,srmrt
HT90,NI,n
HT91,I-KA,ik 
HT91,NU-[A304]-PA,n304p
HT91,[A302]+KI-PA,302kp
HT91,[A302]+U-PA,302up
HT91,A302+MI-PA,302mp
HT91,PA-E,pe
HT91,TE-WE,tw
HT91,[A302]+MI-PA-E-[],302mpe999
HT92,A-DU,ad
HT92,TE ,t
HT93a,[AB056]-NI-NA,056nn
HT93a,E+SE,es
HT93a,DI-WE-NA,dwn
HT93a,E+SE,es
HT93a,KI-DI-NI,kdn
HT93a,A-SE,as
HT93a,SA-RA,sr 
HT93a,QA-QA-RU,qqr
HT93a,MA-JU-KU,mjk
HT93a,MA-YU-KU,myk
HT93a,DA-RI-DA,drd
HT93a,[AB056]-NI-NA,056nn
HT93a,PA-SE-JA,psj
HT93a,PA-SE-YA,psy
HT93b,KI-RO,kr
HT94a,KA-PA,kp
HT94a,KU-RO,kr
HT94a,SA-RA,sr
HT94b,KI-RO,kr
HT94b,TU-MA,tm
HT94b,PA-TA-NE,ptn
HT94b,WA-DI,wd
HT94b,KE-KI-RU,kkr
HT94b,SA-RU,sr
HT94b,KU-RO,kr
HT94b,RA-[]-WA-ME-TE,r999wmt
HT94b,[AB012F]-TU-[],012t999
HT95a,DA-DU-MA-TA,ddmt
HT95a,DA-ME,dm
HT95a,MI-NU-TE,mnt
HT95a,SA-RU,sr
HT95a,KU-NI-SU,kns
HT95a,DI-WA-RU,dwr
HT95a,QE-RA-U,qru
HT95b,A-DU,ad
HT95b,SA-RU,sr
HT95b,DA-ME,dm
HT95b,MI-NU-TE,mnt
HT95b,KU-NI-SU,kns
HT95b,DI-WA-RU,dwr
HT95b,QE-RA-U,qru
HT96a,I-TI-TI-KU-NI,ittkn
HT96a,A-PA-RA-NE,aprn
HT96a,A-[AB123]-TE,a123t
HT96a,SI-MI-TA,smt
HT96a,RU-SA,rs
HT96a,PI-TA-RA,ptr
HT96a,KU-MA-RO,kmr
HT96a,[A323]-[A344],323344
HT96b,A-PA-RA-NE,aprn
HT96b,QA-[AB118]-RA-RE,q118rr
HT97a,KA-RU,kr
HT97a,KA-NU-TI,knt
HT97a,PA-U-[],pu999
HT97a,NA-TI,nt
HT97a,MA-DI,md
HT97a,TA-NI,tn
HT97a,WA-[],w999
HT97b,SA-[A332]-[],s332999
HT98a,WA,w
HT98a,TA-NA-TI,tnt
HT98a,DA-RE-DA-NA,drdn
HT98a,TE-[A301],t301
HT98a,RO-KE,rk
HT98a,KA-RI-[A310]-I,kr310i
HT98b,DA-RU-NE-TE,drnt
HT99a,A-DU,ad
HT99a,SA-RA,sr
HT99b,DA-SI-[AB118],ds118
HT99b,ZU-DU,zd
HT99b,RU-MA-TA,rmt
HT100,KU-RO,kr
HT100,SA-RA,sr
HT101,ZU-[]-DI,zxd
HT101,KU-[AB056],k056
HT102,KA-PA,kp
HT102,SA-RA,sr
HT102,[AB056]-NI,056n
HT102,DA-RI-NA,drn
HT102,MA-ZU,mz
HT102,I-KA,ik
HT102,KU-RO,kr
HT103,DA-KU-SE-NE,dksn
HT103,DA-KU-NA,dkn
HT103,DA-KU-SE-NE,dksn
HT103,KI-RA,kr
HT104,TA-PA,tp
HT104,DA-KU-SE-NE-KI,dksnk
HT104,I-DA-KI,idk
HT104,PA-DA-TU-KI,pdtk
HT104,KU-RO,kr
HT105,KA-PA,kp
HT105,SA-RA,sr
HT106,MI-NU-TE,mnt
HT108,KI-RE-TA-NA,krtn
HT108,DI-NA-RO,dnr
HT108,DU-SU-NI,dsn
HT109,KU-RO,kr
HT109,A-RA-JU,arj
HT109,A-RA-YU,ary
HT110a,SI-DU-[]-KU-MI,sd999km
HT110a,KU-PA,kp
HT110a,KU-RO,kr
HT111a,QE-KA,qk
HT111a,QA-SA,qs
HT111a,QA-QA-RU,qqr
HT111a,NI,n
HT111b,SA-DI,sd
HT112a,[AB021F],21
HT112a,TU-PA,tp
HT113,RA-RI-WA,rrw
HT113,WI-SA,ws
HT114a,KI-RI-TA,krt
HT114a,SA-RA,sr
HT115a,[AB047]-PU-RA-JA,047prj
HT115a,[AB047]-PU-RA-YA,047pry
HT115a,RI-TA-MA-PU-WI,rtmpw
HT115a,NA-[]-NE-MI-NA,n999nmn
HT115a,SE-KU-TU,skt
HT115a,PA-RA-NE,prn
HT115a,A-SE-JA,asj
HT115a,A-SE-YA,asy
HT115a,KA-PO-RU,kpr
HT115b,PA-RA-NE,prn
HT115b,TI-NU-JA,tnj
HT115b,TI-NU-YA,tny
HT115b,NU-WI,nw
HT115b,DU-[AB056]-NA,d056n
HT115b,KU-RU-MA,krm
HT115b,RA-TU-JA,rtj
HT115b,RA-TU-YA,rty
HT115b,KU-TA,kt
HT116a,U-TA-RO,utr
HT116a,KU-PA-JA,kpj
HT116a,KU-PA-YA,kpy
HT116a,PU-RA,pr
HT116a,TU-[]-TE,t999t
HT116a,SI-KI-NE,skn
HT116a,QA-NU-MA,qnm
HT116b,KU-RO,kr
HT117a,MA-KA-RI-TE,mkrt
HT117a,KI-RO,kr
HT117a,U-MI-NA-SI,umns
HT117a,U-SU,us
HT117a,MI-TU,mt
HT117a,KU-RA-QI,krq
HT117a,MA-RU,mr
HT117a,KU-RA-NU,krn
HT117a,TU-JU-MA,tjm
HT117a,TU-YU-MA,tym
HT117a,U-DI-MI,udm
HT117a,MI-RU-TA-RA-RE,mrtrr
HT117a,TE-JA-RE,tjr
HT117a,TE-YA-RE,tyr
HT117a,NA-DA-RE,ndr
HT117a,KU-RO,kr
HT117a,KU-KU-DA-RA,kkdr
HT117a,KO-SA-I-TI,ksit
HT117a,DA-MI-NU,dmn
HT117a,DA-NE-KU-TI,dnkt
HT117a,KI-DA-RO,kdr
HT117b,[AB021F]-TU-NE,012tn
HT117b,KU-RE-JU,krj
HT117b,KU-RE-YU,kry
HT117b,DI-KI-SE,dks
HT118,I-MA-DI,imd
HT118,QA-QA-RU,qqr
HT118,A-[A703D]-SU,a703s
HT118,[A703D]-RU-MA,703rm
HT118,KU-RO,kr
HT119,RI-MI-SI,rms
HT119,KO-JA,kj
HT119,KU-[AB056]-NA-TU,k0567nt
HT119,JA-[A345],j345
HT119,YA-[A345],y345
HT119,JA-[AB047]+DA,j047d
HT119,YA-[AB047]+DA,y047d
HT119,[]-TU,999t
HT119,KU-RO,kr
HT120,DA-QE-RA,dqr
HT120,DA-[AB013],d013
HT120,DA-U-[AB049],du049
HT120,[A028B]-[A574],28574
HT120,[A028B]-[A120]+PA,028120p
HT120,KI-SI-TA-NA-[A580],kstn580
HT120,KI-SI-TA-NA-[A120]+RO,kstn120r
HT120,PA-I-TO,pit
HT121,KI-RI-TA,krt
HT121,[A302]-QE-DI,302qd
HT121,SA-RYA-[AB120],sr120
HT122a,RA-RI,rr
HT122a,U-DE-ZA,udz
HT122a,DA-SI,ds
HT122a,DI-I-TE-KI,ditk
HT122a,QA-[A310]-I,q310i
HT122a,JA-MI-DA-RE,jmdr
HT122a,YA-MI-DA-RE,ymdr
HT122a,SI-DA-RE,sdr
HT122a,NU-DI-RA,ndr
HT122a,PA-DE,pd
HT122a,KU-[AB056]-NU,k056n
HT122a,PA-TA-NE,ptn
HT122a,[]-TU,999t
HT122a,DU-I-KU-[AB056]-NU,dik056n
HT122a,KU-RO,kr
HT122a,KU-DA,kd
HT122b,JE-DI,jd
HT122b,YE-DI,yd
HT122b,[]-KI-TA,999kt
HT122b,A-RA-[]-U-DE-ZA,ar999udz
HT122b,QA-QA-RU,qqr
HT122b,DA-RE,dr
HT122b,KU-RO,kr
HT122b,PO-TO-KU-RO,ptkr
HT123a,KI-TA-I,kti
HT123a,KI-RO,kr
HT123a,PU-[AB131A]-[AB122],p131122
HT123a,KI-RO,kr
HT123a,SA-RU-[AB122],sr122
HT123a,KI-RO,kr
HT123a,DA-TU-[AB122],dt122
HT123a,KI-RO,kr
HT123a,KU-RO-[AB122],kr122
HT123a,KU-RO,kr
HT123a,KI-RO,kr
HT123b,TI-DA-TA,tdt
HT123b,PI-SA,ps
HT123b,[AB188]-DU,188d
HT123b,TU-PA-DI-DA,tpdd
HT123b,KA-NA-[]-SI-DU-PA-DU-MA-I-NA,kn999sdpdmin
HT123b,KU-RO,kr
HT123b,KI-RO,kr
HT125a,[A302]+KI,302k
HT125a,[A302]+U,302u
HT125a,[A302]+MI,302m
HT125a,SA-RYA-[AB120],sr120
HT125b,RE-TA-[AB574],rt574
HT125b,RE-TA-[AB120]+PA,rt120p
HT126a,DA-NA-SI,dns
HT126a,A-NA-[],an999
HT126a,SI-DI-JA,sdj
HT126a,SI-DI-YA,sdy
HT126a,U-[AB049],u049
HT127a,DU-NE-MI,dnm
HT127a,[A629]-DA-[AB047]-KU,629d047k
HT127b,KU-RO,kr
HT127b,KU-RO,kr
HT128a,PA-RA,pr
HT128a,TU-RU-NU-I,trni
HT128a,WA-TU-MA-RE-[AB120]+KU,wtmr120k
HT128a,WA-TU-MA-RE-[A579],wtmr579
HT128a,MI-TA-[A574],mt574
HT128a,MI-TA-[AB120]+PA,mt120p
HT128a,MA-RI,mr
HT128b,RE-[]-[]-[A579],r999999579
HT128b,RE-[]-[]-[AB120]+KU,re999999120k
HT129,KI-RE-TA-[AB120],krt120
HT129,TU-[AB021F],t021
HT129,NA-[AB120],n120
HT130,SA-RYA-[A303],sr303
HT130,KU-RO,kr
HT130,SI-[A303],s303
HT130,SI-QA,sq
HT130,I-QA,iq
HT131b,PO-TO-KU-RO,ptkr
HT132,A-SE,as
HT132,QA-RE-TO,qrt
HT135a,NE-MI-NA,nmn
HT135a,MI-TU,mt
HT135a,MI-KA,mk
HT135a,NA-[]-NE,n999n
HT135b,TA-NE,tn
HT137,TA-[AB120],t120
HT140,U-[AB034]-SI,u034s
HT140,[AB086]-SI-NI,086sn
HT140,JE-DI,jd
HT140,YE-DI,yd
HT140,U-[AB034]-SI,u034s
HT140,[AB086]-SI-[AB118]-KA,086s118k
HT140,KA-[]-MA-[]-KA,k999m999k
HT140,KA-PA,kp
HT141,A-RI,ar
HT141,RU-DI,rd
HT146,RI-KA-TA,rkt
HT154a,TU-ME-PA-JA,tmpj
HT154a,TU-ME-PA-YA,tmpy
HT154Ja,NU-RE,nr
HT154Ja,NU-I,ni
HT154Ja,NU-TE,nt
KE1,KA-SA,ks
KN1a,JA-KU-TI-E,jkte
KN1a,YA-KU-TI-E,ykte
KN1b,JA-DU-RA-TI-E,jdrte
KN1b,YA-DU-RA-TI-E,ydrte
KN2,RU-NA,rn
KN2,I+[A301],i301
KN22a,SU-JU-TA-[],sjt999
KN22a,SU-YU-TA-[],syt999
KN22a,[]-KA-JE,999kj
KN22a,[]-KA-YE,999ky
KN22b,PO-DI-[AB056],pd056
KN22c,MA-SU-MI,msm
KN28a & KN28b,TE-[A7094]-[A310],t709310
KN28a & KN28b,SU+MI,sm
KN32a,A-PA-[],ap999
KN32a,[]-A-KA-TA,999akt
KN32b,[]-SA-PU,999sp
KN32b,PA-[],p999
KN32b,[]-JA-SU,999js
KN32b,[]-YA-SU,999ys
MA1a,JE-I-DU-WI,jidw
MA1a,[AB047],47
MA1a,YE-I-DU-WI,yidw
MA1a,QE-MA-MI-NU,qmmn
MA1b,A-MA,am
MA1b,[AB047],47
MA1b,QE-MA-MI-NU,qmmn
MA1c,TI,t
MA2a,DU-RA,dr
MA2b,RE-TI,rt
MA2b,JA-KU,jk 
MA2b,YA-KU ,yk 
MA2c,U-NA-NA,unn
MA2c,[]-JA-MA-U-TI,999jmut
MA2c,[]-YA-MA-U-TI,999ymut
MA4a,TA-[A602],t602
MA4b,A-[]-JA,a999j
MA4b,A-[]-YA,a999y
PK1,SI-[]-NE-TI,s001nt
PK1,KA-QA,kq
PK1,A-DU-ZA,adz
PK1,TA-TA-RE,ttr
PK1,TA-TI-TE,ttt
PK1,O-KA-MI-ZA-SI-I-NA,okmzsin
PK1,O-TE-JA,otj
PK1,O-TE-YA,oty
PK1,RA-NA-TU-SU,rnts
PK1,NI-MI,nm
PK1,TU-SU,ts
PK1,MA-TI-ZA-I-TE,mtzit
PK1,MA-TE-TI,mtt
PK1,MA-KA-I-TA,mkit
PA1,A-KU-JU-PA,akjp
PA1,A-KU-YU-PA,akyp
PH1a,DI-RA-DI-NA-[A316]-[],drdn316999
PH1b,PA-[]-NI,p999n
PH2,A-SE-O-QI,asoq
PH2,RA-O-DI-KI,rodk
PH2,PI-RU-TI-JU,prtj
PH2,PI-RU-TI-YU,prty
PH2,SE-SA-[AB056],ss056
PH3a,PA-RA,pr
PH3a,[]-MA+A,999ma
PH3a,MA+MA,mm
PH3b,[]-MI+JA,999mj
PH3b,[]-MI-YA,999my
PH6,I-NA-WA,inw
PH6,A-RI-I-[AB079]-RI-NI-TA-A-RI,ari079rntar
PH6,I-DA-[AB056]-I-SA-RI,id056isr
PH7a,DI-RA-JA-[],drj999
PH7a,DI-RA-YA-[],dry999
PH7a,[]-U-DI-RI-KI-[],999udrk999
PH7a,[]-JA-RU-MA-NE-[],999jrmn999
PH7a,[]-YA-RU-MA-NE-[],999yrmn999
PH7a,[]-JA-SI-DA-RA,999jsdr
PH7a,[]-YA-SI-DA-RA,999ysdr
PH7b,[]-DA-RA-[A709L]-[],999dr709999
PH12c,TE,t
PH14a,NI-[A304]-JA-JA,n304jj
PH14a,NI-[A304]-YA-YA,n304yy
PH14b,MI-A,ma
PH15a,MA-TE-RE,mtr
PH16a,U-NI,un
PH16b,JA-SA-[],js999
PH16b,YA-SA-[],ys999
PH18a,WI-JA,wj
PH18a,WI-YA,wy
PH19,PI-O,po
PH24,RO-E,re
PH28a,JA-KI-[AB056],jk056
PH28a,YA-KI-[AB056],yk056
PH28a,A-RI-JA,arj
PH28a,A-RI-YA,ary
PH30,[]-MA-RE-RI-MI-DE,999mrrmd
PH31a,MA-DI,md
PH31a,KU-[AB056]-NU,k056n
PH31a,SI+RE-RE,srr
PH31a,PA-TA-DA-[],ptd999
PH31a,KU-RO,kr
PH31b,[]-DU-RI,999dr
PH31b,TE-RI,tr
PH31b,[]-RU-MA-TI,999rmt
PH31b,[]-A-MI-DA-O,999amdo
PYR1,TI-MA-RU-WI-TE-SE,tmrwts
TY3b,KI-RA-SI,krs
TY3b,[]-PI-KU-[AB079],999pk079
ZA1a,I,i
ZA1a,KI-RE-ZA,krz
ZA1a,NI,ni
ZA1a,[A906]-ZA,906z
ZA1b,E-MI-[],em999
GO Wc 1a,DA-SA-SU-MA-I-SE,dssmis
GO Wc 1b,,
Wa 1001-1005,DA-KA,dk
Wa 1014-1018,SI-KA,sk
Wa 1022,I-[A301],ia301
We 1023/Wd 1024,[A704E],a704e
Wa 1031,DA,d
Wa 1032-1121,RO,r
Wa 1122-1130,TE,t
Wa 1147-1149,A,a
Wa 1150-1174,I,i
Wa 1175-1266,SI,s
Wa 1279-1281,O,o
Wa 1282-1321,JE,j
Wa 1337-1470,KA,k
Wa 1486-1620,KU,k
Wa 1635-1848,[A301],a301
,,
Wb 2002,RO,r
Wc 3001-3002,PA-I-JA,pij
,PA-I-YA,piy
Wc 3003,KA-RE-RO,krr
Wc 3007a,WA-DI-NI,wdn
Wc 3007b,RU-JA-TA-DI,rjtd
,RU-YA-TA-DI,rytd
Wc 3009a,[A333]-DI-SU-KA,a333dsk
Wc 3009b,[AB188],ab188
Wc 3013,[AB188],ab188
Wc 3014a,KU-MI-NA,kmn
Wc 3014b,QE-[],qx
Wc 3015a,KA-KU-PA,kkp
Wc 3015b,[A303],a303
Wc 3019,WA,w
Wc 3020a,[AB188]-DU,ab188d
Wc 3020b,ZO-[],z
,,
KE Wc 2a,[A703D],a703d
KE Wc 2b,RO-RO,rr
KN Wa 33a,QA-KI-[,qk
KN Wa 33b,NU-SE-[,ns
KN Wc 3,]-KA-I-TI,kit
KN Wc 24,,
KN Wc 25,KA ,k
MA Wc 5a,A-SA-DA-KA,asdk
MA Wc 5b,[AB120],ab120
PH Wa 32,SU-KI-[]-TA,skt
PH Wg 36,TE,t
PH Wc 37a,KA-[A314]-SO,ka314s
PH Wc 38,[A314]-TA-MA,a314tm
PH Wc 39a,JA-NA,jn
,YA-NA,yn
PH Wc 44,[AB021],ab021
PH Wc 46,[AB122]-[],ab122
PH Zb 47,[AB122],ab122
ZA Wc 2,A-TI-KA-A-DU-KO-MI,atkadkm
ARKH001a,A-SU-MI-[118],asm118
ARKH001a,NE-2-[A707J]-A-PA,n707ap
ARKH001a,MI-KI-SA-NE,mksn
ARKH002,SI-DA-TE-KU-RA-[AB131B],sdtkr131
ARKH002,A-SI-DA-TO-I,asdti
ARKH002,[AB079]-[A301]-SE-DE-[]-[AB118],079301sd999118
ARKH002,A-SU-PU-WA,aspw
ARKH002,RU-MI-[]-[],rm999999
ARKJ004a,NI-TA-,nt
ARKJ004a,DE-SU-[]-[AB047]-TE,su999047t
ARKJ004a,PI-TI-NE-A-,ru
ARKH004b ,RE-U,dmi047
ARKH004b ,DE-MI-I-[AB047],akr
ARKH004b ,9-A-KI-RO,zs04793
ARKH004b ,ZA-SI-[AB0479]-[],zs0479
ARKH005,A-JU-NI-TA-NA,ajntn
KH005,A-DA-KI-SI-KA ,adksk
KH005,A-RA-U-DA,arud
KH005,WI-SA-SA-NE-[A303],wssn303
KH005,[AB131B]-[],131999
KH005,WI-NA-DU,wnd
KH005,[A301]-NA ,301n
KH005,KU-PA-QA-[]-PA-NI,kpq999999pn
KH005,[A905]-[A702B],905702
KH007a,NE-[]-KI-[]-[]-[A624],n999k99962
KH007a,I-[A626]-[]-E-NA-SI,i626999ens
KH007a,I-JA-PA-ME,ijpm
KH007a,TA-TA,tt
KH007a,QA-TI-KI-[A808],qtk808
KH007a,A624-SE-[A305]-KU,624s305k
KH007a,[]-KO-E-[A808]-[],999ke808999
KH007b,U-TA-I-SE-[A624]-[A707],utis624707
KH007b,PA-NA-TU-[A624]-[A707],pnt624707
KH010,I-PA-SA-JA ,ipsj
KH010,QA-[AB118]-[]-A-KI-PI,q11999akp
KH010,E-TE-[AB120],et120
KH011 ,A-JU-[]-ZA-[A627]-SU,aj999z627s
KH011 ,[A626]-[]-[A7092L2]-[AB131A]-PA-[],626999709131p999
KH011 ,[A303]-[]-[A348]-[A627],3.04E+11
KH011 ,[A7092L2]-A-TO-[A349]-TO-I-[A626],709at349ti626
KH011 ,NI-[AB131A]-[]-A-TA-[A350],131at350
KH011 ,[A301],301
KH011 , []-SI-[A627]-[A7092L2],999s6277092
KH016,U-TA-I-SI-[A624],utis624
ZA004a,JA-TO-JA,jtj
ZA004a,A-TI-RU,atr
ZA004a,JA-[ ]-TU-[ ]-SE,j999t999s
ZA004a,QE-SI-ZU-E,qsze
ZA004a,[A028B]-NU-MA-RE,028nmr
ZA004a,SI-PI-KI,spk
ZA004a,E-[AB082],e082
ZA004a,KA-DI,kd
ZA005a,[AB021F]-[AB118],21118
ZA005a,[AB131A]-SU-KI-NI-MA,131sknm
ZA005a,[ ]-TA-NI-ZA-SE,999tnzs
ZA005a,SA-MI-DA-E,smde
ZA005b,[A028B]-NU-MA-RE,028nmr
ZA005b,SI-PI-KI,spk905
ZA005b,MA-KA-I-TA,mkit
ZA006a,[A305]-WA-NA-[AB171],305wn171
ZA006a,[AB034]-JU-[A574]-MI-[ ],034j574m999
ZA006a,[ ]-[AB076]-[A574],999076574
ZA006a,[ ]-[AB122],999122
ZA006a,TI-[ ],t999
ZA006a,I-SE,is
ZA006b,I-KU-JU-TI-[A028B]-[A574],ikjt028574
ZA006b,[A594],594
ZA006b,[ ],999
ZA006b,[A312]-[AB066]-[A574],312066574
ZA006b,PA-ZA-[ ],pz999
ZA006b,I-MA-[ ],im999
ZA007a,U-JU-SA,uks
ZA007a,A-RA-TU,art
ZA007a,A-RE-TU,art
ZA007b,A-MA,am
ZA008,KI-RA,kr
ZA008,A-TA-RE,atr
ZA008,NI-[A905],n905
ZA008,KU-TO-RE-[A717DD]-A-[A703D],ktr717703
ZA008,NI-TA-[ ]-TA-I-NU-MA,nt999tinm
ZA008,PA-[A905],p905
ZA008,MA-KA-I-SE,mkis
ZA008,DA-I-PI-TA,dipt905
ZA008,KA-I-RO,kir999
ZA009,NU-TI,nt
ZA009,ZA,z
ZA009,[A802]-[A512],802512
ZA009,SI-[A802],s802
ZA009,SI,s
ZA009,A-TA-[ ],at999
ZA009,[A512],512
ZA009,[ ]-MA-JU-[AB021F],999mj021
ZA009,WI-[A802]-RE-MI-TE-[AB021F],w802rmt021
ZA010a,TA-NA-TE,tnt
ZA010a,[A629],629
ZA010a,A-KU-MI-NA,akmn
ZA010a,A-TA-NA-TE,atnt
ZA010a,A-MI-DA-U,amdu
ZA010a,DA-I-PI-TA,dipt
ZA010a,DU-RE-ZA-SE,drzs
ZA010b,WA-[A362],w362
ZA010b,DU-RE-ZA-SE-[AB131B],drzs131
ZA010b,U-[AB049],u049
ZA010b,MA-ZA,mz
ZA010b,MA-KI-DE-TE,mkdt
ZA010b,SA-MA,sm
ZA010b,A-DE,ad
ZA010b,A-MI-TA,amt
ZA010b,[AB076]-RO-RE,076rr
ZA010b,PA-JA-RE,pjr
ZA010b,KA-KU-NE-TE-[A905],kknt905
ZA010b,TA-[ ]-DU,t999d
ZA011a,DI-DI-KO-RA-ME-[ ]-[AB066]-[ ],ddkrm999066999
ZA011a,[A574]-[ ],574999
ZA011a,RA-MA-SI-[ ],rms999
ZA011a,E-KU-RU-[ ],ekr999
ZA011a,[ ]-JU-[A742LL2]-[AB131A]-[A707J]-[A555],999j742131707555
ZA011a,KU-PA,kp
ZA011a,[ ],999
ZA011a,PI-[A310]-A,p310a
ZA011b,E-TO-RI-I,etri
ZA011b,SA-[A301]-RI,s301r
ZA011b,[A574],574
ZA011b,[ ]-[AB122],999122
ZA011b,I-DE,id
ZA011b,RA,r
ZA011b,KU-[ ]-[A574],k999574
ZA014,ME-KI-DI,mkd
ZA014,[ ]-[AB118],999118
ZA014,PU-[ ]-[A363],p999363
ZA014,QA-TI-JU,qtj
ZA014,KU-PI,kp
ZA014,TU-MI-TA-ZA-SE,tmtzs
ZA014,PA-NU-QE,pnq
ZA014,JA-WI,jw
ZA015a,[AB047]-KU-NA-SA-[AB131A],047kns131
ZA015a,QE-SI-ZU-E,qsze
ZA015a,I-E-NI-SA,iens
ZA015a,ME-[AB131A],m131
ZA015a,MI-ZA-SE,mzs
ZA015a,[A028B]-NU-MA-RE,028nmr
ZA015a,SI-[ ]-KI,s999k905
ZA015a,JA-SA-[ ],js999
ZA015a,SA-KI-DA-E,skde
ZA015a,[A364]-KE-MA-SE,364kms
ZA015b,KA-DI,kd
ZA015b,[AB131A],131
ZA015b,KU-RO,kr
ZA015b,[AB131A],131
ZA015b,[A594],594
ZA018a,DA-RE-KU-[ ]-KU-[ ],drk999k999
ZA018a,[A574],574
ZA018a,[A618],618
ZA020,DU-[ ]-ZA,d999z
ZA020,SE-MI-[ ],sm999
ZA020,SI-TE-TU,stt
ZA020,SI-TU,st
ZA020,TE-[AB123],t123
ZA020,RU-MA-TA-SE,rmts
ZA020,KU-RA,kr
ZA021a,[ ]-ME,999m
ZA021a,PI-[ ],p999
ZA021a,[ ],999
ZA021a,TA-KE,tk
ZA021a,MA-[ ],m999
ZA021a,[ ]-5,999
ZA021a,TA-MA-PI,tmp
ZA021a,A-[ ]-[AB118]-MI,a999118m
ZA026a,[ ]-TE,999t
ZA026a,DI-DI,dd
ZA026a,[ ]-[AB021F],999021
ZA026a,[AB021F],21
ZA026a,JA-KI,jk
AP ZA 1 ,JA-TA-I[A301]-U-JA,jti301uj
AP ZA 1 ,YA-TA-I-[A301]-U-YA,yti301uy
AP ZA 2,NA-SI,ns
AP ZA 2,I-PI-NA-MA-[]-I-KU-PA-NA-TU-NA-TE,ipnm999999999ikpntnt
AP ZA 2,PI-MI-NA-TE,pmnt
AP ZA 2,I-NA-JA-RE-TA-[]-QA,injrt999999999q
AP ZA 2,I-NA-YA-RE-TA-[]-QA,inyrt999999999q
IO ZA 1,A-JE-SA,ajs
IO ZA 1,A-YE-SA,ays
IO ZA 2,A-TA-I-[A301]-WA-JA ,ati301wj
IO ZA 2,A-TA-I-[A301]-WA-YA,ati301wy
IO ZA 2,JA-DI-KI-TU ,jdkt
IO ZA 2,YA-DI-KI-TU  ,ydkt
IO ZA 2,JA-SA-SA-RA-[]-SI ,jssr999999999s
IO ZA 2,YA-SA-SA-RA-[]-SI ,yssr999999999s
IO ZA 2,I-PI-NA-MA,ipnm
IO ZA 2,I-PI-NA-MA,srt
IO ZA 2,TA-NA-RA-TE-U-TI-NU ,tnrtutn
IO ZA 2,I-DA,id
IO ZA 3,A-TA-I-[A301]-WA-JA ,ati301wj
IO ZA 3,A-TA-I-[A301]-WA-YA ,ati301wy
IO ZA 3,AU,au
IO ZA 4,[A301]-WA,301w
IO ZA 5,I-JA-RE-DI-JA ,ijrdj
IO ZA 5,I-YA-RE-DI-YA ,iyrdy
IO ZA 5,I-JA-PA,ijp
IO ZA 5,I-YA-PA,iyp
IO ZA 6,TA-NA-I-[A301]-U-TI-NU ,tni301utn
IO ZA 6,TA-NA-I-[A301]-U-TI-NU ,tni301utn
IO ZA 6,I-NA-TA-I-ZU-DI-SI-KA ,intizdsk
IO ZA 6,JA-SA-SA-RA-ME,jssrm 
IO ZA 6,YA-SA-SA-RA-ME,yssrm 
IO ZA 7,A-TA-I-[A301]-WA-JA ,ati301wj
IO ZA 7,A-TA-I-[A301]-WA-YA ,ati301wy
IO ZA 7,JA-TI-[A321],jt321
IO ZA 7,YA-TI-[A321],yt321
IO ZA 8,] A-NA-TI-[A301]-WA-JA,ant301wj
IO ZA 8,] A-NA-TI-[A301]-WA-YA,ant301wy
IO ZA 9,JA-SA-SA-[ ,jss
IO ZA 9,YA-SA-SA,yss
IO ZA 9,U-NA-KA,unk
IO ZA 11,NA-[]-DA-DA-[],n999dd999999999
IO ZA 11,U-TI-NU,utn
IO ZA 11,I-NA-I-DA,inid
IO ZA 11,[],
IO ZA 12,JA-SA-SA-RA-ME ,jssrm
IO ZA 12,YA-SA-SA-RA-ME,yssrm
IO ZA 12,I-TI,it
IO ZA 13,[]-MA-I,999mi
IO ZA 14,RU-TE ,rt
IO ZA 14,I-DI,id
IO ZA 15,I-PI-NA-MA ,ipnm
IO ZA 15,SI-RU,sr
IO ZA 16,[A123],123
IO ZA 16,[A123]  ,123
IO ZA 16,JA-SA-SA-RA-ME ,jssrm
IO ZA 16,YA-SA-SA-RA-ME,yssrm
IO ZA 16,U-NA-RU-KA,unrk
KN ZA 10,TA-NU-MU-TI ,tnmt
KN ZA 10,TA-NU-MU-TI ,tnmt
KN ZA 10,JA-SA-SA-RA-MA,jssrm
KN ZA 10,YA-SA-SA-RA-MA,yssrm
KN ZA 10,NA ,n
KN ZA 10,DA-WA-[]-DU-WA-TO,dw999dwt
KN ZA 10,I-JA,ij
KN ZA 10,I-YA,iy
KN ZA 17,JA-QE ,jq
KN ZA 17,YA-QE ,yq
KN ZA 18,JA ,j
KN ZA 18,YA ,y
KN ZA 18,JA ,999999999j
KN ZA 18,YA ,999999999y
KN ZA 18,JA-WA,jw
KN ZA 18,YA-WA,yw
KN ZA 19,KE-JU-MI,kjm
KN ZA 19,KE-YU-MI,kym
KN ZA 19,[AB118]-MI-NA,188mn
KY ZA 2,DA-MA-TE,dmt
PK ZA 4,A-SA-SA-RA,assrm
PK ZA 4,NU ,n
PK ZA 4,[PA3]-E,pe
PK ZA 8,JA-DI-KI-TE-TE-[A307]-PU2-RE ,jdktt307pur
PK ZA 8,YA-DI-KI-TE-TE-[A307]-PU2-RE ,ydktt307pur
PK ZA 8,TU-ME-I,tmi
PK ZA 8,JA-SA-[]U-NA-KA-NA-SI,js999999999unkns
PK ZA 8,YA-SA-[]U-NA-KA-NA-SI,ys999999999unkns
PK ZA 8,I-PI,ip
PK ZA 9,JA-U-PA-MA-I-DA-[A301]-DI,jupmid301d
PK ZA 9,YA-U-PA-MA-I-DA-[A301]-DI,yupmid301d
PK ZA 10,SI ,s
PK ZA 10,I-PI-NA-MI-NA ,ipnmn
PK ZA 10,SI-RU,sr
PK ZA 11,A-TA-I-[A301]-WA-E ,ati301we
PK ZA 11,A-DI-KI-TE-TE-DU,adkttd
PK ZA 11,PU-RE ,pr
PK ZA 11,PI-TE-RI ,ptr
PK ZA 11,A-KO-A-NE ,akan
PK ZA 11,A-SA-SA-RA-ME ,assrm
PK ZA 11,U-NA-RU-KA-NA-TI ,unrknt
PK ZA 11,I-PI-NA-MI-NA ,ipnmn
PK ZA 11,SI-RU-DU ,srd
PK ZA 11,I-NA-JA-PA-QA,injpq
PK ZA 11,I-NA-YA-PA-QA,inypq
PK ZA 12,A-TA-I-[A301]-WA-JA ,ati301wj
PK ZA 12,A-TA-I-[A301]-WA-YA ,ati301wy
PK ZA 12,A-DI-KI-TE,adkt999999
PK ZA 12,SI-RU-[]-RA-ME,999999sr999999999999rm
PK ZA 12,A-[]-A-NE ,a999an
PK ZA 12,U-NA-RU-KA-NA-JA-SI ,unrknjs
PK ZA 12,A-PA-DU-PA-[]-JA-[]-JA-PA-QA,apdp999999999999999j999999jpq
PK ZA 12,A-PA-DU-PA-[]-YA-[]-YA-PA-QA,apdp999999999999999y999999ypq
PK ZA 14,TU-ME-I,tmi
PK ZA 14,JA-SA-SA,jss
PK ZA 14,YA-SA-SA,yss
PK ZA 15,JA ,j
PK ZA 15,YA ,y999ydkttdpr
PK ZA 15,JA-DI-KI-TE-TE-DU-[PU2]-RE,jdkttdpr
PK ZA 15,YA-DI-KI-TE-TE-DU-[PU2]-RE,ydkttdpr
PK ZA 16,TO-SA,ts
PK ZA 16,PU2-RE-JA-[] ,prj999999
PK ZA 16,PU2-RE-YA-[] ,pry999999
PK ZA 17,I-DA ,id
PK ZA 17,[],999
PK ZA 18,TE ,t
PK ZA 18,I-DA,id 
PK ZA 18,JA-JA,jj
PK ZA 18,YA-YA,yy
PK ZA 20,U-NA-KA,unk
PR ZA 1,TA-NA-SU-TE-[]-KE,tnst999k
PR ZA 1,SE-TO-I-JA,stij
PR ZA 1,SE-TO-I-YA,stiy
PR ZA 1,A-SA-SA-RA-ME,assrm
PS ZA 2,RE-I-KE,rik
PS ZA 2,TA-NA-I-]A301]-TI,tni301t
PS ZA 2,JA-T ,
PS ZA 2,YA-T ,
PS ZA 2,JA-SA-SA-RA-ME,jssrm
PS ZA 2,YA-SA-SA-RA-ME,yssrm
SY ZA 1,A-TA-I-[A301]-WA-JA ,ati301wj
SY ZA 1,A-TA-I-A301-WA-YA ,ati301wy
SY ZA 1,I-DA-MI,idm
SY ZA 1,JA,j
SY ZA 1,YA,y
SY ZA 2,A-TA-I-[A301]-WA-JA ,ati301wj
SY ZA 2,A-TA-I-[A301]-WA-YA,ati301wy
SY ZA 2,JA-SU-MA-TU-[AB122] ,jsmt301
SY ZA 2,YA-SU-MA-TU-[AB122],ysmt301
SY ZA 2,U-NA-KA-NA-SI-[A302],unkns302
SY ZA 2,A-JA,aj 
SY ZA 2,A-YA,ay 
SY ZA 2,A-TA-I-[A301]-WA-[] []-SE-KA-NA-SI-[]-TE-[]SI-RU-TE,ati301w[8 signs][999999999]skns[999]t[10 signs]srt
SY ZA 4,A-TA-I-[A301]-WA-JA ,ati301wj
SY ZA 4,A-TA-I-[A301]-WA-YA,ati301wy
SY ZA 4,JA-I-[AB048]-ZA,ji048z
SY ZA 4,YA-I-[AB048]-ZA,yi048z
SY ZA 4,[PA3]-NI-WI,pnw
SY ZA 5,MI-JA ,mj
SY ZA 5,MI-YA ,my
SY ZA 5,JA-WA-[PA3],jwp
SY ZA 5,YA-WA-[PA3],ywp
SY ZA 6,DA-SE-RA-TE,dsrt
SY ZA 8,I-[A301]-WA-JA ,i301wj
SY ZA 8,I-A301-WA-YA ,i301wy
SY ZA 8,JA-JA,jj
SY ZA 8,YA-YA,yy
SY ZA 9,JA-PA-RA-JA-SE,jprjs
SY ZA 9,YA-PA-RA-YA-SE,yprys
SY ZA 10,QA-SA-RA-KU,qsrk
SY ZA 11,QA-RO ,qr
SY ZA 12,A,a
TR ZA 1,A-TA-I-[A301]-WA-JA ,ati301wj
TR ZA 1,A-TA-I-[A301]-WA-YA ,ati301wy
TR ZA 1,O-SU-QA-RE ,osqr
TR ZA 1,JA-SA-SA-RA-ME ,jssrm
TR ZA 1,YA-SA-SA-RA-ME ,yssrm
TR ZA 1,U-NA-KA-NA-SI,unkns
TR ZA 1,NA-MA  ,nm
TR ZA 1,SI-RU ,sr
HT Wa 1733 + 1845,[A301],a301
HT Wc 3022,,
HS Zg 1,A-MA,am
IO Za 2,A-TA-I-[A301]-WA-JA,atia301wj
IO Za 2,JA-DI-KI-TU,jdkt
IO Za 2,JA-SA-SA-RA-ME,jssrm
IO Za 2,U-NA-KA-NA-SI,unkns
IO Za 2,I-PI-NA-MA,ipnm
IO Za 2,SI-RU-TE,srt
IO Za 2,TA-NA-RA-TE-U-TI-NU,tnrtutn
IO Za 2,I-DA,id
IO Za 3,,
IO Za 3,[AB085]-[,ab085
IO ZA 4,]-[A301]-WA-[,a301w
IO ZA 5,]-I-JA-RE-DI-JA,ijrdj
IO ZA 5,]-I-YA-RE-DI-JA,iyrdj
IO ZA 5,I-JA-PA-[,ijp
IO ZA 5,I-YA-PA-[,iyp
IO Za 6,TA-NA-I-[A301]-U-TI-NU,tnia301utn
IO Za 6,I-NA-TA-I-ZO-DI-SI-KA,intizdsk
IO Za 6,JA-SA-SA-RA-ME,jssrm
IO Za 7,A-TA-I-[A301]-WA-JA,atia301wj
IO Za 7,A-TA-I-[A301]-WA-YA,atia301wy
IO Za 7,JA-TI-[A321]-[,jta321
IO Za 7,YA-TI-[A321]-[,yta321
IO Za 8,]-A-NA-TI-[A301]-WA-JA-[,anta301wj
IO Za 8,]-A-NA-TI-[A301]-WA-YA-[,anta301wy
IO Za 9,U-NA-KA-NA-SI,unkns
IO Za 9,JA-SA-SA-RA-ME,jssrm
IO Zb 10,]-A-SA-SA-RA-ME,assrm
KH 79 + 89,]-MI-NA-[,mn
KH 79 + 89,]-PA-TA,pt
KH 79 + 89,A-RA-[,ar
KH 79 + 89,]-PA-DA-NI,pdn
KH 88,QA-NU-MA,qnm
KH 88,[AB021F]-[AB118],ab021fab118
KH 88,NI,n
KH 88,PU-DE,pd
KH 90,[]-JA-[,j
KH 90,[]-YA-[,y
KH 90,MA-TA-RI-TA-[,mtrt
KH 91,[AB120],ab120
KH 91,ZO-[,z
KH 91,]-PA,p
KH 91,TU,t
KH 91,NI,n
KH 91,]-[A651],a651
KH 91,[A652]-[,a652
KH Wc 2044 + fr,[AB164],ab164
KH Wc 2115,O ,o
KH Wc 2118,O ,o
MA 10,]-RU,r
MA 10,[A660],a660
MA 10,[A658],a658
MA 10,[A659],a659
MA 10,]DU-PI-TE-WA,dptw
MA 10,[A655],a655
MA 10,[A658],a658
MA 10,[A654],a654
MA 10,[A412-VAS],a412vas
MA 10,[A658],a658
MA 10,[A655],a655
MA 10,[A662],a662
MI 2,PU-[,p
MI 2,]-DU-KA-[,dk
MI 2,[A652]-[,a652
MI 2,]-KA-[,k
PYR 2,]-TI-[,t
SY Za 1,A-TA-I-[A301]-WA-JA,atia301wj
SY Za 1,I-DA-MI,idm
SY Za 1,JA-[,j
SY Za 2,A-TA-I-[A301]-WA-JA,atia301wj
SY Za 2,JA-SU-MA-TU,jsmt
SY Za 2,YA-SU-MA-TU,ysmt
SY Za 2,U-NA-KA-NA-SI,unakns
SY Za 2,A-JA,aj
