Identical match,Proto_Celtic_Word,Linear A word,Source
d,ad,DA,HT86a
d,ad,DA,Wa 1031
d,ad,DI,HT85b
dks,dekos,DI-KI-SE,HT117b
dks,dekos,DI-KI-SE,HT87
kn,kina,KA-NA,HT23A
knt,kanti,KA-NU-TI,HT97a
knt,kanti,KI-NI-TA,HT27A
krm,kormi,KU-RU-MA,HT115b
ky,koy,KA-YU,HT88
md,medu,MA-DI,HT 3
md,medu,MA-DI,HT85b
md,medu,MA-DI,HT97a
md,medu,MA-DI,PH31a
n,eni,NA ,KN ZA 10
n,eni,NI,HT111a
n,eni,NI,HT28a
n,eni,NI,HT28b
n,eni,NI,HT30
n,eni,NI,HT90
n,eni,NI,KH 88
n,eni,NI,KH 91
n,eni,NU ,PK ZA 4
nmn,anman,NE-MI-NA,HT135a
t,eti,TE,HT52
t,eti,TE,HT55a
t,eti,TE,HT62
t,eti,TE,HT63
t,eti,TE,PH Wg 36
t,eti,TE,PH12c
t,eti,TE,Wa 1122-1130
t,eti,TE ,HT92
t,eti,TE ,PK ZA 18
t,eti,TI,MA1c
t,eti,TU,KH 91
t,eti,]-TI-[,PYR 2
w,aw,WA,HT98a
w,aw,WA,Wc 3019
wy,way,WI-YA,PH18a
y,yo,YA,SY ZA 1
y,yo,YA ,KN ZA 18
y,yo,[]-YA-[,KH 90
