Identical match,Eygptian_Word,Linear A word,Source
A,aA,A,SY ZA 12
A,aA,A,Wa 1147-1149
AD,aAD,A+DI,HT37
AD,aAD,A-DE,ZA010b
AD,aAD,A-DU,HT85a
AD,aAD,A-DU,HT86a
AD,aAD,A-DU,HT88
AD,aAD,A-DU,HT92
AD,aAD,A-DU,HT95b
AD,aAD,A-DU,HT99a
AS,AS,A-SE,HT132
AS,AS,A-SE,HT81
AS,AS,A-SE,HT93a
AS,AS,A-SI,HT9B
ASr,ASer,A-SA-RA,HT89
ASr,ASer,A-SU-RA,HT11A
Ad,aAd,A+DI,HT37
Ad,aAd,A-DE,ZA010b
Ad,aAd,A-DU,HT85a
Ad,aAd,A-DU,HT86a
Ad,aAd,A-DU,HT88
Ad,aAd,A-DU,HT92
Ad,aAd,A-DU,HT95b
Ad,aAd,A-DU,HT99a
Ak,Ak,A+KA,HT38
Am,aAm,A-MA,HS Zg 1
Am,aAm,A-MA,MA1b
Am,aAm,A-MA,ZA007b
Amt,Amit,A-MI-TA,ZA010b
An,Aaan,A+NA,HT37
Ar,aAra,A-RA-[,KH 79 + 89
Ar,aAra,A-RI,HT141
Ar,aAra,A-RU,HT49a
Ar,aAra,A-RU,HT9A
Art,aArt,A-RA-TU,ZA007a
Art,aArt,A-RE-TU,ZA007a
As,Ais,A-SE,HT132
As,Ais,A-SE,HT81
As,Ais,A-SE,HT93a
As,Ais,A-SI,HT9B
Asr,iAsr,A-SA-RA,HT89
Asr,iAsr,A-SU-RA,HT11A
Asy,Asy,A-SE-YA,HT115a
Atr,Atr,A-TA-RE,ZA008
Atr,Atr,A-TI-RU,ZA004a
AyS,AyS,A-YE-SA,IO ZA 1
D,aD,DA,HT86a
D,aD,DA,Wa 1031
D,aD,DI,HT85b
DD,aDaD,DI-DI,ZA026a
Dd,aDd,DI-DI,ZA026a
Ddm,Dedem,DU-DA-MA,HT6B
Ddmt,Dedemt,DA-DU-MA-TA,HT95a
Dk,Daka,DA-KA,Wa 1001-1005
Dk,Daka,DA-KI,HT6B
Dk,Daka,]-DU-KA-[,MI 2
Dm,Daam,DA-ME,HT95a
Dm,Daam,DA-ME,HT95b
Dmt,Damti,DA-MA-TE,KY ZA 2
Dn,aDen,DE-NU,HT11B
Dnr,Danr,DI-NA-RO,HT108
Dns,Dens,DA-NA-SI,HT126a
Dr,Daar,DA-RE,HT10A
Dr,Daar,DA-RE,HT122b
Dr,Daar,DA-RE,HT7A
Dr,Daar,DU-RA,MA2a
Drd,Derd,DA-RI-DA,HT10A
Drd,Derd,DA-RI-DA,HT85a
Drd,Derd,DA-RI-DA,HT93a
Drt,Dart,DU-RI-TE,HT 4
Drw,Darw,DU-RU-WI,HT25A
Ds,Des,DA-SI,HT10B
Ds,Des,DA-SI,HT122a
Ds,Des,DA-SI,HT85a
Dsrt,Desert,DA-SE-RA-TE,SY ZA 6
Dwn,Dwn,DI-WE-NA,HT93a
Dy,Day,DU-YA,HT7A
S,aS,SA,HT27b
S,aS,SI,HT27b
S,aS,SI,HT30
S,aS,SI,Wa 1175-1266
S,aS,SI,ZA009
S,aS,SI ,PK ZA 10
Sd,iSd,SA-DI,HT111b
Sd,iSd,SU-DU,HT40
Sm,aSem,SA-MA,HT10A
Sm,aSem,SA-MA,HT52
Sm,aSem,SA-MA,HT6B
Sm,aSem,SA-MA,ZA010b
Sm,aSem,SU+MI,KN28a & KN28b
Smt,iSemt,SA-MA-TI,HT39
Smt,iSemt,SI-MI-TA,HT96a
Sp,iSep,SU-PU,HT31
Sp,iSep,SU-PU,HT63
Sr,iSer,SA-RA,HT100
Sr,iSer,SA-RA,HT102
Sr,iSer,SA-RA,HT105
Sr,iSer,SA-RA,HT114a
Sr,iSer,SA-RA,HT62
Sr,iSer,SA-RA,HT94a
Sr,iSer,SA-RA,HT99a
Sr,iSer,SA-RO,HT17
Sr,iSer,SA-RO,HT19
Sr,iSer,SA-RO,HT40
Sr,iSer,SA-RO,HT9A
Sr,iSer,SA-RU,HT86a
Sr,iSer,SA-RU,HT86b
Sr,iSer,SA-RU,HT94b
Sr,iSer,SA-RU,HT95a
Sr,iSer,SA-RU,HT95b
Sr,iSer,SA-RYA,HT32
Sr,iSer,SA-RYA,HT33
Sr,iSer,SA-RYA,HT34
Sr,iSer,SI-RU,HT55a
Sr,iSer,SI-RU,IO ZA 15
Sr,iSer,SI-RU,PK ZA 10
Sr,iSer,SI-RU ,TR ZA 1
Sr,iSer,SU-RE,HT32
St,aSat,SI-TU,ZA020
Stt,iStt,SI-TE-TU,ZA020
T,iT,TE,HT52
T,iT,TE,HT55a
T,iT,TE,HT62
T,iT,TE,HT63
T,iT,TE,PH Wg 36
T,iT,TE,PH12c
T,iT,TE,Wa 1122-1130
T,iT,TE ,HT92
T,iT,TE ,PK ZA 18
T,iT,TI,MA1c
T,iT,TU,KH 91
T,iT,]-TI-[,PYR 2
TT,iTT,TA-TA,KH007a
TT,iTT,TA-TI,HT26A
TT,iTT,TE-TU,HT13
TT,iTT,TE-TU,HT7A
TTt,iTTt,TA-TI-TE,PK1
Tn,iTen,TA-NE,HT135b
Tn,iTen,TA-NI,HT97a
Tn,iTen,TE-NI,HT6A
Tn,iTen,TU-NE,HT87
Tr,iTer,TA-RA,HT89
Tr,iTer,TE-RI,PH31b
Ts,iTes,TI-SA,HT31
Ts,iTes,TO-SA,PK ZA 16
Ts,iTes,TU-SU,PK1
d,ad,DA,HT86a
d,ad,DA,Wa 1031
d,ad,DI,HT85b
dS,idS,DA-SI,HT10B
dS,idS,DA-SI,HT122a
dS,idS,DA-SI,HT85a
dd,adad,DI-DI,ZA026a
dn,aden,DE-NU,HT11B
dr,ider,DA-RE,HT10A
dr,ider,DA-RE,HT122b
dr,ider,DA-RE,HT7A
dr,ider,DU-RA,MA2a
dy,ady,DU-YA,HT7A
k,ik,KA,HT85b
k,ik,KA,Wa 1337-1470
k,ik,KA ,KN Wc 25
k,ik,KU,Wa 1486-1620
k,ik,]-KA-[,MI 2
kA,akA,KA+A,HT38
kD,kaDa,KA-DI,ZA004a
kD,kaDa,KA-DI,ZA015b
kD,kaDa,KI-DA,HT27A
kD,kaDa,KU-DA,HT122a
kDn,kaDen,KI-DI-NI,HT93a
kS,kaS,KA-SA,KE1
kSt,kaSit,KI-SI-TA,HT85b
kT,kaT,KA-TI,HT63
kT,kaT,KU-TA,HT115b
kk,ikk,KA-KI,HT37
kk,ikk,KA-KU,HT62
kmn,kamen,KU-MI-NA,Wc 3014a
kmt,kamt,KU-MU-TA,HT51b
kn,iken,KA-NA,HT23A
knt,ikent,KA-NU-TI,HT97a
knt,ikent,KI-NI-TA,HT27A
kp,ikep,KA-PA,HT102
kp,ikep,KA-PA,HT105
kp,ikep,KA-PA,HT140
kp,ikep,KA-PA,HT6A
kp,ikep,KA-PA,HT8B
kp,ikep,KA-PA,HT94a
kp,ikep,KU-PA,HT110a
kp,ikep,KU-PA,ZA011a
kp,ikep,KU-PI,ZA014
kpy,kepy,KU-PA-YA,HT116a
kr,akr,KA-RU,HT75
kr,akr,KA-RU,HT97a
kr,akr,KI-RA,HT103
kr,akr,KI-RA,ZA008
kr,akr,KI-RO,HT 1
kr,akr,KI-RO,HT117a
kr,akr,KI-RO,HT123a
kr,akr,KI-RO,HT123b
kr,akr,KI-RO,HT15
kr,akr,KI-RO,HT34
kr,akr,KI-RO,HT55a
kr,akr,KI-RO,HT93b
kr,akr,KI-RO,HT94b
kr,akr,KO-RU,HT23A
kr,akr,KU-RA,ZA020
kr,akr,KU-RO,HT100
kr,akr,KU-RO,HT102
kr,akr,KU-RO,HT104
kr,akr,KU-RO,HT109
kr,akr,KU-RO,HT110a
kr,akr,KU-RO,HT116b
kr,akr,KU-RO,HT117a
kr,akr,KU-RO,HT118
kr,akr,KU-RO,HT119
kr,akr,KU-RO,HT11A
kr,akr,KU-RO,HT11B
kr,akr,KU-RO,HT122a
kr,akr,KU-RO,HT122b
kr,akr,KU-RO,HT123a
kr,akr,KU-RO,HT123b
kr,akr,KU-RO,HT127b
kr,akr,KU-RO,HT13
kr,akr,KU-RO,HT130
kr,akr,KU-RO,HT27A
kr,akr,KU-RO,HT39
kr,akr,KU-RO,HT53b
kr,akr,KU-RO,HT67
kr,akr,KU-RO,HT74
kr,akr,KU-RO,HT88
kr,akr,KU-RO,HT89
kr,akr,KU-RO,HT94a
kr,akr,KU-RO,HT94b
kr,akr,KU-RO,HT9A
kr,akr,KU-RO,HT9B
kr,akr,KU-RO,Ht46a
kr,akr,KU-RO,PH31a
kr,akr,KU-RO,ZA015b
krS,karSa,KI-RA-SI,TY3b
krT,karTa,KI-RI-TA,HT114a
krT,karTa,KI-RI-TA,HT121
krm,karm,KU-RU-MA,HT115b
krr,karr,KA-RE-RO,Wc 3003
krs,karsa,KI-RA-SI,TY3b
krt,karit,KI-RI-TA,HT114a
krt,karit,KI-RI-TA,HT121
kry,kairy,KU-RE-YU,HT117b
kt,ikt,KA-TI,HT63
kt,ikt,KU-TA,HT115b
kw,ikw,KU+WA,HT38
mA,amaA,MI-A,PH14b
mT,amT,MI-TU,HT117a
mT,amT,MI-TU,HT135a
md,amd,MA-DI,HT 3
md,amd,MA-DI,HT85b
md,amd,MA-DI,HT97a
md,amd,MA-DI,PH31a
mk,imk,MI-KA,HT135a
mm,amam,MA+MA,PH3a
mn,imen,]-MI-NA-[,KH 79 + 89
mnt,iment,MI-NU-TE,HT106
mnt,iment,MI-NU-TE,HT86a
mnt,iment,MI-NU-TE,HT95a
mnt,iment,MI-NU-TE,HT95b
mr,imir,MA-RE,HT55a
mr,imir,MA-RI,HT128a
mr,imir,MA-RU,HT117a
mr,imir,MU-RU,HT 3
ms,ames,MA-SI,HT 5
mt,amt,MI-TU,HT117a
mt,amt,MI-TU,HT135a
my,imy,MI-YA ,SY ZA 5
n,aan,NA ,KN ZA 10
n,aan,NI,HT111a
n,aan,NI,HT28a
n,aan,NI,HT28b
n,aan,NI,HT30
n,aan,NI,HT90
n,aan,NI,KH 88
n,aan,NI,KH 91
n,aan,NU ,PK ZA 4
nDr,inDer,NA-DA-RE,HT117a
nDr,inDer,NU-DI-RA,HT122a
nS,anS,NA-SI,AP ZA 2
nS,anS,NA-SI,HT28b
nS,anS,NU-SE-[,KN Wa 33b
nm,anem,NA-MA  ,TR ZA 1
nm,anem,NI-MI,PK1
nr,iner,NI-RA,HT23B
nr,iner,NU-RE,HT154Ja
ns,inis,NA-SI,AP ZA 2
ns,inis,NA-SI,HT28b
ns,inis,NU-SE-[,KN Wa 33b
nt,ant,NA-TI,HT97a
nt,ant,NA-TU,HT47a
nt,ant,NI-TA-,ARKJ004a
nt,ant,NU-TE,HT154Ja
nt,ant,NU-TI,ZA009
nw,aanaw,NU-WI,HT115b
p,ap,PI,HT32
p,ap,PU-[,MI 2
p,ap,]-PA,KH 91
pS,apeS,PA-SE,HT18
pS,apeS,PA-SE,HT27b
pS,apeS,PI-SA,HT123b
pd,ipd,PA-DE,HT122a
pd,ipd,PA-DE,HT9A
pd,ipd,PA-DE,HT9B
pd,ipd,PU-DE,KH 88
pnw,ipenw,[PA3]-NI-WI,SY ZA 4
pr,aper,PA-RA,HT128a
pr,aper,PA-RA,PH3a
pr,aper,PA-RE,HT 4
pr,aper,PU-RA,HT116a
pr,aper,PU-RE ,PK ZA 11
ps,ips,PA-SE,HT18
ps,ips,PA-SE,HT27b
ps,ips,PI-SA,HT123b
pt,ipt,]-PA-TA,KH 79 + 89
ptn,ipten,PA-TA-NE,HT122a
ptn,ipten,PA-TA-NE,HT94b
pty,ipty,PI-TA-YA,HT6A
py,apy,PA-YA,HT40
qp,iqep,QE-PU,HT9A
qp,iqep,QE-PU,HT9B
qr,aqr,QA-RO ,SY ZA 11
qrt,iqert,QA-RE-TO,HT132
qrw,iqerw,QA-RA-WA,HT86a
qs,iqes,QA-SA,HT111a
qt,aqt,QE-TI,HT7A
qt,aqt,QE-TU,HT40
r,ar,RA,ZA011b
r,ar,RE,HT27b
r,ar,RO,HT85b
r,ar,RO,Wa 1032-1121
r,ar,RO,Wb 2002
r,ar,]-RU,MA 10
rD,arD,RU-DI,HT141
rS,arS,RU-SA,HT96a
rd,arid,RU-DI,HT141
rkt,irkti,RI-KA-TA,HT146
rr,arar,RA-RI,HT122a
rr,arar,RO-RO,KE Wc 2b
rs,ires,RU-SA,HT96a
rt,aart,RE-TI,MA2b
rt,aart,RE-TU,HT40
rt,aart,RU-TE ,IO ZA 14
rty,arty,RA-TU-YA,HT115b
rx,irex,RE-[],HT27b
s,is,SA,HT27b
s,is,SI,HT27b
s,is,SI,HT30
s,is,SI,Wa 1175-1266
s,is,SI,ZA009
s,is,SI ,PK ZA 10
sD,isD,SA-DI,HT111b
sD,isD,SU-DU,HT40
sT,isT,SI-TU,ZA020
sd,isd,SA-DI,HT111b
sd,isd,SU-DU,HT40
sds,isdes,SI-DI-SE,HT85b
sk,isk,SI-KA,Wa 1014-1018
sk,isk,SU-KI,HT49a
smr,ismer,SA-MA-RO,HT88
sp,isp,SU-PU,HT31
sp,isp,SU-PU,HT63
sq,isq,SI-QA,HT130
sr,iser,SA-RA,HT100
sr,iser,SA-RA,HT102
sr,iser,SA-RA,HT105
sr,iser,SA-RA,HT114a
sr,iser,SA-RA,HT62
sr,iser,SA-RA,HT94a
sr,iser,SA-RA,HT99a
sr,iser,SA-RO,HT17
sr,iser,SA-RO,HT19
sr,iser,SA-RO,HT40
sr,iser,SA-RO,HT9A
sr,iser,SA-RU,HT86a
sr,iser,SA-RU,HT86b
sr,iser,SA-RU,HT94b
sr,iser,SA-RU,HT95a
sr,iser,SA-RU,HT95b
sr,iser,SA-RYA,HT32
sr,iser,SA-RYA,HT33
sr,iser,SA-RYA,HT34
sr,iser,SI-RU,HT55a
sr,iser,SI-RU,IO ZA 15
sr,iser,SI-RU,PK ZA 10
sr,iser,SI-RU ,TR ZA 1
sr,iser,SU-RE,HT32
st,ist,SI-TU,ZA020
t,at,TE,HT52
t,at,TE,HT55a
t,at,TE,HT62
t,at,TE,HT63
t,at,TE,PH Wg 36
t,at,TE,PH12c
t,at,TE,Wa 1122-1130
t,at,TE ,HT92
t,at,TE ,PK ZA 18
t,at,TI,MA1c
t,at,TU,KH 91
t,at,]-TI-[,PYR 2
tm,item,TU-MA,HT94b
tn,iten,TA-NE,HT135b
tn,iten,TA-NI,HT97a
tn,iten,TE-NI,HT6A
tn,iten,TU-NE,HT87
tnt,itent,TA-NA-TE,ZA010a
tnt,itent,TA-NA-TI,HT10B
tnt,itent,TA-NA-TI,HT49a
tnt,itent,TA-NA-TI,HT98a
tnt,itent,TA-NI-TI,HT7A
tp,itep,TA-PA,HT104
tp,itep,TU-PA,HT112a
tr,itr,TA-RA,HT89
tr,itr,TE-RI,PH31b
tt,aatt,TA-TA,KH007a
tt,aatt,TA-TI,HT26A
tt,aatt,TE-TU,HT13
tt,aatt,TE-TU,HT7A
tw,atw,TE-WE,HT91
w,aiw,WA,HT98a
w,aiw,WA,Wc 3019
wD,wD,WA-DI,HT94b
wD,wD,WI-DU,HT 5
wDn,wDen,WA-DI-NI,Wc 3007a
wS,wS,WI-SA,HT113
wd,iwd,WA-DI,HT94b
wd,iwd,WI-DU,HT 5
wdn,wden,WA-DI-NI,Wc 3007a
ws,iws,WI-SA,HT113
wy,awy,WI-YA,PH18a
wyp,wyp,WA-YA-PI,HT9B
y,ay,YA,SY ZA 1
y,ay,YA ,KN ZA 18
y,ay,[]-YA-[,KH 90
yd,yd,YE-DI,HT122b
yd,yd,YE-DI,HT140
ym,yam,YA-ME,HT28a
ym,yam,YA-ME,HT28b
yw,iyw,YA-WA,KN ZA 18
