Numbered_Words,Matched_Words
k056n,kln
k056n,kmn
k056n,knn
k056n,krn
k056n,kln
k056n,kmn
k056n,knn
k056n,krn
056nd,snd
021tn,btn
021tn,itn
021tn,ltn
t301,tx
s029188,snd
s029188,skl
s029188,slx
s029188,smn
s029188,snn
s029188,srk
s029188,sss
076t,bt
k305,kk
k305,kn
k305,ks
076t,bt
305r,br
305r,pr
312t,bt
r076,rs
p131,pr
p131,pa
p131,pp
p131,pu
u034s,uos
312tt,btt
302k,kk
302m,mm
302t,bt
100k131,skl
100k131,dks
100k131,gkn
100k131,kks
sr120,srk
999r,br
999r,pr
sr303,srk
302t,bt
kr303,krn
kr303,krs
999302t,btt
999302t,bst
999302t,mst
kr056,krn
kr056,krs
341p,pp
kr999,krn
kr999,krs
t120,tx
mr999,mra
mr999,mrm
mr999,mrs
sn999,snd
sn999,snn
mt579,mts
k999n,kln
k999n,kmn
k999n,knn
k999n,krn
k079n,kln
k079n,kmn
k079n,knn
k079n,krn
kr999,krn
kr999,krs
tt999,tta
tt999,tts
k999999,kln
k999999,kmn
k999999,knn
k999999,krn
k999999,kks
k999999,krs
k999999,kas
k999999,kis
k999999,kll
k999999,klr
k999999,kls
k999999,kmd
k999999,ksa
k999n,kln
k999n,kmn
k999n,knn
k999n,krn
056nn,knn
056nn,snn
056nn,mnn
056nn,nnn
056nn,znn
056nn,knn
056nn,snn
056nn,mnn
056nn,nnn
056nn,znn
012t999,btn
012t999,itn
012t999,ltn
012t999,btt
012t999,mts
012t999,tta
012t999,tts
012t999,bte
012t999,bts
012t999,btv
012t999,dts
012t999,pts
s332999,snd
s332999,skl
s332999,slx
s332999,smn
s332999,snn
s332999,srk
s332999,sss
t301,tx
k056,kk
k056,kn
k056,ks
056n,kn
056n,nn
d056n,dwn
012tn,btn
012tn,itn
012tn,ltn
703rm,mrm
999t,bt
sr120,srk
k056n,kln
k056n,kmn
k056n,knn
k056n,krn
999t,bt
p131122,pts
p131122,pps
sr122,srk
dt122,dts
kr122,krn
kr122,krs
302k,kk
302u,pu
302u,bu
302m,mm
sr120,srk
mt574,mts
r999999579,rdmn
r999999579,riks
r999999579,rmtn
r999999579,rnds
r999999579,rtms
r999999579,rybs
r999999579,rzis
t021,tx
n120,nn
sr303,srk
n999n,nnn
t120,tx
u034s,uos
086sn,asn
u034s,uos
t709310,tta
t709310,tts
t709310,tls
t709310,txs
p999,pr
p999,pa
p999,pp
p999,pu
999ys,bys
999ys,dys
t602,tx
ss056,sss
999ma,mma
999dr709999,ndros
k056n,kln
k056n,kmn
k056n,knn
k056n,krn
079301sd999118,kfsdrs
rm999999,rmtn
301n,kn
301n,nn
pnt624707,pntks
t999,tx
n905,nn
p905,pr
p905,pa
p905,pp
p905,pu
k999574,kln
k999574,kmn
k999574,knn
k999574,krn
k999574,kks
k999574,krs
k999574,kas
k999574,kis
k999574,kll
k999574,klr
k999574,kls
k999574,kmd
k999574,ksa
p999363,pts
p999363,pps
m131,mm
s999k905,slks
s999k905,srks
s999k905,stkt
sm999,smn
t123,tx
999m,mm
p999,pr
p999,pa
p999,pp
p999,pu
m999,mm
999t,bt
188mn,kmn
188mn,smn
