Numbered_Words,Matched_Words
k056n,khn
k056n,knn
k056n,krn
k056n,ksn
k056n,ktn
k056n,kyn
k056n,khn
k056n,knn
k056n,krn
k056n,ksn
k056n,ktn
k056n,kyn
056nd,dnd
056nd,hnd
021tn,ktn
021tn,btn
021tn,wtn
021tn,ytn
dr329,drb
dr329,drc
dr329,drk
t301,tb
t301,tc
t301,tf
t301,tg
t301,th
t301,tk
t301,tl
t301,tm
t301,tn
t301,tp
t301,tq
t301,tr
t301,ts
t301,tt
t301,tw
t301,ty
s029188,sbb
s029188,sbh
s029188,sbl
s029188,sbn
s029188,sbr
s029188,sbt
s029188,sby
s029188,sdf
s029188,sdy
s029188,sff
s029188,sfh
s029188,sgl
s029188,shf
s029188,shh
s029188,shl
s029188,shm
s029188,shn
s029188,shr
s029188,sht
s029188,skl
s029188,skn
s029188,skr
s029188,slh
s029188,slk
s029188,slm
s029188,slp
s029188,slq
s029188,smb
s029188,smf
s029188,smh
s029188,smn
s029188,snb
s029188,snh
s029188,snk
s029188,spy
s029188,sqm
s029188,srf
s029188,srh
s029188,ssg
s029188,ssm
s029188,ssn
s029188,stp
s029188,stw
s029188,sty
s029188,swh
s029188,swk
s029188,swn
s029188,sws
s029188,syb
s029188,syf
s029188,syl
s029188,sym
s029188,syr
076t,tt
076t,bt
076t,ct
076t,ft
076t,gt
076t,ht
076t,kt
076t,lt
076t,mt
076t,nt
076t,pt
076t,qt
076t,st
076t,wt
301dr,hdr
301dr,kdr
k305,kt
k305,kb
k305,kc
k305,kd
k305,kf
k305,kh
k305,kk
k305,kl
k305,km
k305,kn
k305,kp
k305,kr
k305,ks
k305,kw
k305,ky
076t,tt
076t,bt
076t,ct
076t,ft
076t,gt
076t,ht
076t,kt
076t,lt
076t,mt
076t,nt
076t,pt
076t,qt
076t,st
076t,wt
301dr,hdr
301dr,kdr
305r,tr
305r,kr
305r,br
305r,cr
305r,dr
305r,fr
305r,gr
305r,hr
305r,lr
305r,mr
305r,nr
305r,pr
305r,qr
305r,rr
305r,sr
305r,wr
305r,yr
312t,tt
312t,bt
312t,ct
312t,ft
312t,gt
312t,ht
312t,kt
312t,lt
312t,mt
312t,nt
312t,pt
312t,qt
312t,st
312t,wt
r076,rr
r076,rb
r076,rc
r076,rd
r076,rf
r076,rg
r076,rh
r076,rk
r076,rl
r076,rm
r076,rn
r076,rp
r076,rq
r076,rs
r076,rw
r076,ry
ds118,dsr
p131,pt
p131,pr
p131,pc
p131,pd
p131,pg
p131,ph
p131,pk
p131,pl
p131,pn
p131,pq
p131,ps
p131,pw
p131,py
s011,st
s011,sr
s011,sb
s011,sd
s011,sf
s011,sg
s011,sh
s011,sk
s011,sl
s011,sm
s011,sn
s011,sp
s011,sq
s011,ss
s011,sw
s011,sy
s076,st
s076,sr
s076,sb
s076,sd
s076,sf
s076,sg
s076,sh
s076,sk
s076,sl
s076,sm
s076,sn
s076,sp
s076,sq
s076,ss
s076,sw
s076,sy
131w,tw
131w,kw
131w,rw
131w,pw
131w,sw
131w,bw
131w,cw
131w,dw
131w,fw
131w,gw
131w,hw
131w,lw
131w,mw
131w,nw
131w,yw
y021,yr
y021,yw
y021,yb
y021,yc
y021,yd
y021,yl
y021,ym
y021,yn
y021,yp
120q,tq
120q,rq
120q,pq
120q,sq
120q,bq
120q,cq
120q,dq
120q,mq
120q,qq
302k,tk
302k,kk
302k,rk
302k,pk
302k,sk
302k,bk
302k,ck
302k,dk
302k,fk
302k,gk
302k,hk
302k,lk
302k,mk
302k,nk
302k,wk
302m,tm
302m,km
302m,rm
302m,sm
302m,ym
302m,cm
302m,dm
302m,gm
302m,hm
302m,lm
302m,mm
302m,nm
302m,qm
302m,wm
302t,tt
302t,bt
302t,ct
302t,ft
302t,gt
302t,ht
302t,kt
302t,lt
302t,mt
302t,nt
302t,pt
302t,qt
302t,st
302t,wt
100k131,skl
100k131,skn
100k131,skr
100k131,bkr
100k131,ckl
100k131,ckm
100k131,ckn
100k131,dkr
100k131,fkr
100k131,hkl
100k131,hkm
100k131,hkr
100k131,hkw
100k131,hky
100k131,kkl
100k131,kkr
100k131,lkm
100k131,mkl
100k131,mkr
100k131,mky
100k131,nkd
100k131,nkf
100k131,nkl
100k131,nkr
100k131,pkh
100k131,rkb
100k131,rkd
100k131,rky
100k131,tkc
100k131,tkn
100k131,tkr
100k131,wkb
302d,kd
302d,rd
302d,pd
302d,sd
302d,yd
302d,bd
302d,cd
302d,dd
302d,fd
302d,gd
302d,hd
302d,ld
302d,md
302d,nd
302d,wd
sr120,srf
sr120,srh
302d,kd
302d,rd
302d,pd
302d,sd
302d,yd
302d,bd
302d,cd
302d,dd
302d,fd
302d,gd
302d,hd
302d,ld
302d,md
302d,nd
302d,wd
999r,tr
999r,kr
999r,br
999r,cr
999r,dr
999r,fr
999r,gr
999r,hr
999r,lr
999r,mr
999r,nr
999r,pr
999r,qr
999r,rr
999r,sr
999r,wr
999r,yr
y021,yr
y021,yw
y021,yb
y021,yc
y021,yd
y021,yl
y021,ym
y021,yn
y021,yp
131d,kd
131d,rd
131d,pd
131d,sd
131d,yd
131d,bd
131d,cd
131d,dd
131d,fd
131d,gd
131d,hd
131d,ld
131d,md
131d,nd
131d,wd
sr303,srf
sr303,srh
302t,tt
302t,bt
302t,ct
302t,ft
302t,gt
302t,ht
302t,kt
302t,lt
302t,mt
302t,nt
302t,pt
302t,qt
302t,st
302t,wt
kr303,krn
kr303,krb
kr303,krc
kr303,krd
kr303,krh
kr303,krk
kr303,krm
kr303,krp
kr303,krs
999302t,sbt
999302t,sht
999302t,brt
999302t,bwt
999302t,byt
999302t,cht
999302t,cpt
999302t,fht
999302t,frt
999302t,fwt
999302t,gwt
999302t,hbt
999302t,hlt
999302t,hnt
999302t,hpt
999302t,hwt
999302t,hyt
999302t,kwt
999302t,mct
999302t,mdt
999302t,mrt
999302t,mwt
999302t,myt
999302t,prt
kr056,krn
kr056,krb
kr056,krc
kr056,krd
kr056,krh
kr056,krk
kr056,krm
kr056,krp
kr056,krs
341p,tp
341p,kp
341p,rp
341p,sp
341p,yp
341p,cp
341p,dp
341p,gp
341p,hp
341p,lp
341p,np
341p,wp
056q,tq
056q,rq
056q,pq
056q,sq
056q,bq
056q,cq
056q,dq
056q,mq
056q,qq
q056,qt
q056,qr
q056,qq
q056,qm
q056,qb
q056,qc
q056,qf
q056,ql
q056,qn
q056,qs
rs999,rsp
rs999,rsw
w312,wt
w312,wr
w312,wk
w312,wm
w312,wd
w312,wp
w312,wb
w312,wc
w312,wg
w312,wh
w312,wl
w312,wn
w312,ws
w312,wy
kr999,krn
kr999,krb
kr999,krc
kr999,krd
kr999,krh
kr999,krk
kr999,krm
kr999,krp
kr999,krs
nd331,ndk
nd331,ndw
t120,tb
t120,tc
t120,tf
t120,tg
t120,th
t120,tk
t120,tl
t120,tm
t120,tn
t120,tp
t120,tq
t120,tr
t120,ts
t120,tt
t120,tw
t120,ty
mr999,mrt
mr999,mrg
mr999,mrh
mr999,mrk
k999t,kwt
999sr,dsr
999sr,bsr
999sr,hsr
999sr,ysr
sn999,snb
sn999,snh
sn999,snk
999wy,cwy
999wy,dwy
999wy,gwy
999wy,hwy
999wy,lwy
999wy,nwy
999wy,qwy
999wy,twy
qp709,qpc
mt579,mtk
mt579,mtr
k999n,khn
k999n,knn
k999n,krn
k999n,ksn
k999n,ktn
k999n,kyn
rm999,rmk
rm999,rmn
tm999,tmb
tm999,tmf
tm999,tms
k079n,khn
k079n,knn
k079n,krn
k079n,ksn
k079n,ktn
k079n,kyn
kr999,krn
kr999,krb
kr999,krc
kr999,krd
kr999,krh
kr999,krk
kr999,krm
kr999,krp
kr999,krs
999kr,skr
999kr,bkr
999kr,dkr
999kr,fkr
999kr,hkr
999kr,kkr
999kr,mkr
999kr,nkr
999kr,tkr
k999999,khn
k999999,knn
k999999,krn
k999999,ksn
k999999,ktn
k999999,kyn
k999999,kdr
k999999,kkl
k999999,kkr
k999999,krb
k999999,krc
k999999,krd
k999999,krh
k999999,krk
k999999,krm
k999999,krp
k999999,krs
k999999,kwt
k999999,kbh
k999999,kbl
k999999,kbr
k999999,kcb
k999999,kcf
k999999,kcm
k999999,kcr
k999999,kdh
k999999,khh
k999999,khp
k999999,klb
k999999,klc
k999999,klf
k999999,klh
k999999,klm
k999999,klp
k999999,kly
k999999,kmh
k999999,kml
k999999,kmy
k999999,knc
k999999,knh
k999999,knk
k999999,knm
k999999,knp
k999999,kny
k999999,ktm
k999999,ktr
k999999,kwd
k999999,kwl
k999999,kws
k999999,kyc
k999999,kyr
k999999,kys
k999n,khn
k999n,knn
k999n,krn
k999n,ksn
k999n,ktn
k999n,kyn
m317q,mqq
302mp,gmp
056nn,knn
056nn,bnn
056nn,cnn
056nn,hnn
056nn,knn
056nn,bnn
056nn,cnn
056nn,hnn
012t999,ktn
012t999,btn
012t999,wtn
012t999,ytn
012t999,stp
012t999,stw
012t999,sty
012t999,mtk
012t999,mtr
012t999,ktm
012t999,ktr
012t999,btk
012t999,cth
012t999,ftk
012t999,ftq
012t999,fty
012t999,htk
012t999,htm
012t999,htr
012t999,ntf
012t999,ntw
012t999,pth
012t999,ptk
012t999,ptr
012t999,pts
012t999,qtm
012t999,wtf
w999,wt
w999,wr
w999,wk
w999,wm
w999,wd
w999,wp
w999,wb
w999,wc
w999,wg
w999,wh
w999,wl
w999,wn
w999,ws
w999,wy
s332999,sbb
s332999,sbh
s332999,sbl
s332999,sbn
s332999,sbr
s332999,sbt
s332999,sby
s332999,sdf
s332999,sdy
s332999,sff
s332999,sfh
s332999,sgl
s332999,shf
s332999,shh
s332999,shl
s332999,shm
s332999,shn
s332999,shr
s332999,sht
s332999,skl
s332999,skn
s332999,skr
s332999,slh
s332999,slk
s332999,slm
s332999,slp
s332999,slq
s332999,smb
s332999,smf
s332999,smh
s332999,smn
s332999,snb
s332999,snh
s332999,snk
s332999,spy
s332999,sqm
s332999,srf
s332999,srh
s332999,ssg
s332999,ssm
s332999,ssn
s332999,stp
s332999,stw
s332999,sty
s332999,swh
s332999,swk
s332999,swn
s332999,sws
s332999,syb
s332999,syf
s332999,syl
s332999,sym
s332999,syr
t301,tb
t301,tc
t301,tf
t301,tg
t301,th
t301,tk
t301,tl
t301,tm
t301,tn
t301,tp
t301,tq
t301,tr
t301,ts
t301,tt
t301,tw
t301,ty
ds118,dsr
k056,kt
k056,kb
k056,kc
k056,kd
k056,kf
k056,kh
k056,kk
k056,kl
k056,km
k056,kn
k056,kp
k056,kr
k056,ks
k056,kw
k056,ky
056n,tn
056n,kn
056n,rn
056n,pn
056n,sn
056n,yn
056n,qn
056n,wn
056n,bn
056n,cn
056n,dn
056n,fn
056n,gn
056n,hn
056n,ln
056n,mn
056n,nn
d056n,dbn
d056n,dgn
d056n,dhn
d056n,dmn
d056n,dwn
012tn,ktn
012tn,btn
012tn,wtn
012tn,ytn
703rm,krm
703rm,brm
703rm,crm
703rm,grm
703rm,hrm
703rm,prm
703rm,qrm
703rm,wrm
y345,yr
y345,yw
y345,yb
y345,yc
y345,yd
y345,yl
y345,ym
y345,yn
y345,yp
999t,tt
999t,bt
999t,ct
999t,ft
999t,gt
999t,ht
999t,kt
999t,lt
999t,mt
999t,nt
999t,pt
999t,qt
999t,st
999t,wt
d013,dr
d013,dw
d013,dq
d013,dk
d013,dm
d013,dd
d013,dp
d013,dn
d013,db
d013,dc
d013,df
d013,dg
d013,dh
d013,dl
d013,ds
d013,dy
028120p,slp
028120p,stp
028120p,krp
028120p,rsp
028120p,khp
028120p,klp
028120p,knp
028120p,gmp
028120p,cyp
028120p,hlp
028120p,lhp
028120p,qrp
028120p,trp
028120p,whp
sr120,srf
sr120,srh
k056n,khn
k056n,knn
k056n,krn
k056n,ksn
k056n,ktn
k056n,kyn
999t,tt
999t,bt
999t,ct
999t,ft
999t,gt
999t,ht
999t,kt
999t,lt
999t,mt
999t,nt
999t,pt
999t,qt
999t,st
999t,wt
p131122,pkh
p131122,prt
p131122,pth
p131122,ptk
p131122,ptr
p131122,pts
p131122,prm
p131122,pcr
p131122,pdg
p131122,pgl
p131122,phc
p131122,phd
p131122,phl
p131122,phr
p131122,phs
p131122,plc
p131122,plh
p131122,plk
p131122,pls
p131122,ply
p131122,pnk
p131122,prc
p131122,prd
p131122,prg
p131122,prh
p131122,prk
p131122,prq
p131122,psk
p131122,psq
p131122,pvs
p131122,pwd
p131122,pyk
sr122,srf
sr122,srh
kr122,krn
kr122,krb
kr122,krc
kr122,krd
kr122,krh
kr122,krk
kr122,krm
kr122,krp
kr122,krs
188d,kd
188d,rd
188d,pd
188d,sd
188d,yd
188d,bd
188d,cd
188d,dd
188d,fd
188d,gd
188d,hd
188d,ld
188d,md
188d,nd
188d,wd
302k,tk
302k,kk
302k,rk
302k,pk
302k,sk
302k,bk
302k,ck
302k,dk
302k,fk
302k,gk
302k,hk
302k,lk
302k,mk
302k,nk
302k,wk
302m,tm
302m,km
302m,rm
302m,sm
302m,ym
302m,cm
302m,dm
302m,gm
302m,hm
302m,lm
302m,mm
302m,nm
302m,qm
302m,wm
sr120,srf
sr120,srh
mt574,mtk
mt574,mtr
t021,tb
t021,tc
t021,tf
t021,tg
t021,th
t021,tk
t021,tl
t021,tm
t021,tn
t021,tp
t021,tq
t021,tr
t021,ts
t021,tt
t021,tw
t021,ty
n120,nt
n120,nr
n120,nw
n120,nk
n120,nm
n120,nd
n120,np
n120,nn
n120,nb
n120,nc
n120,nf
n120,ng
n120,nh
n120,nl
n120,ns
n120,ny
sr303,srf
sr303,srh
s303,st
s303,sr
s303,sb
s303,sd
s303,sf
s303,sg
s303,sh
s303,sk
s303,sl
s303,sm
s303,sn
s303,sp
s303,sq
s303,ss
s303,sw
s303,sy
n999n,ncn
n999n,nwn
t120,tb
t120,tc
t120,tf
t120,tg
t120,th
t120,tk
t120,tl
t120,tm
t120,tn
t120,tp
t120,tq
t120,tr
t120,ts
t120,tt
t120,tw
t120,ty
086sn,ksn
086sn,ssn
086sn,wsn
999ky,hky
999ky,mky
999ky,rky
pd056,pdg
t709310,tkc
t709310,tkn
t709310,tkr
t709310,twy
t709310,tmb
t709310,tmf
t709310,tms
t709310,trp
t709310,tbk
t709310,tbl
t709310,tbn
t709310,tcr
t709310,tfl
t709310,thl
t709310,thm
t709310,thn
t709310,thr
t709310,tlm
t709310,tnq
t709310,tph
t709310,trb
t709310,trc
t709310,trh
t709310,trk
t709310,trr
t709310,trw
t709310,twh
t709310,twr
t709310,tyk
t709310,tyr
t709310,tys
t709310,tyw
999sp,rsp
p999,pt
p999,pr
p999,pc
p999,pd
p999,pg
p999,ph
p999,pk
p999,pl
p999,pn
p999,pq
p999,ps
p999,pw
p999,py
999ys,kys
999ys,tys
999ys,dys
999ys,mys
t602,tb
t602,tc
t602,tf
t602,tg
t602,th
t602,tk
t602,tl
t602,tm
t602,tn
t602,tp
t602,tq
t602,tr
t602,ts
t602,tt
t602,tw
t602,ty
ss056,ssg
ss056,ssm
ss056,ssn
999my,kmy
ys999,ysr
k056n,khn
k056n,knn
k056n,krn
k056n,ksn
k056n,ktn
k056n,kyn
999dr,hdr
999dr,kdr
301n,tn
301n,kn
301n,rn
301n,pn
301n,sn
301n,yn
301n,qn
301n,wn
301n,bn
301n,cn
301n,dn
301n,fn
301n,gn
301n,hn
301n,ln
301n,mn
301n,nn
t999,tb
t999,tc
t999,tf
t999,tg
t999,th
t999,tk
t999,tl
t999,tm
t999,tn
t999,tp
t999,tq
t999,tr
t999,ts
t999,tt
t999,tw
t999,ty
n905,nt
n905,nr
n905,nw
n905,nk
n905,nm
n905,nd
n905,np
n905,nn
n905,nb
n905,nc
n905,nf
n905,ng
n905,nh
n905,nl
n905,ns
n905,ny
p905,pt
p905,pr
p905,pc
p905,pd
p905,pg
p905,ph
p905,pk
p905,pl
p905,pn
p905,pq
p905,ps
p905,pw
p905,py
s802,st
s802,sr
s802,sb
s802,sd
s802,sf
s802,sg
s802,sh
s802,sk
s802,sl
s802,sm
s802,sn
s802,sp
s802,sq
s802,ss
s802,sw
s802,sy
w362,wt
w362,wr
w362,wk
w362,wm
w362,wd
w362,wp
w362,wb
w362,wc
w362,wg
w362,wh
w362,wl
w362,wn
w362,ws
w362,wy
076rr,trr
s301r,sbr
s301r,shr
s301r,skr
s301r,syr
k999574,khn
k999574,knn
k999574,krn
k999574,ksn
k999574,ktn
k999574,kyn
k999574,kdr
k999574,kkl
k999574,kkr
k999574,krb
k999574,krc
k999574,krd
k999574,krh
k999574,krk
k999574,krm
k999574,krp
k999574,krs
k999574,kwt
k999574,kbh
k999574,kbl
k999574,kbr
k999574,kcb
k999574,kcf
k999574,kcm
k999574,kcr
k999574,kdh
k999574,khh
k999574,khp
k999574,klb
k999574,klc
k999574,klf
k999574,klh
k999574,klm
k999574,klp
k999574,kly
k999574,kmh
k999574,kml
k999574,kmy
k999574,knc
k999574,knh
k999574,knk
k999574,knm
k999574,knp
k999574,kny
k999574,ktm
k999574,ktr
k999574,kwd
k999574,kwl
k999574,kws
k999574,kyc
k999574,kyr
k999574,kys
p999363,pkh
p999363,prt
p999363,pth
p999363,ptk
p999363,ptr
p999363,pts
p999363,prm
p999363,pcr
p999363,pdg
p999363,pgl
p999363,phc
p999363,phd
p999363,phl
p999363,phr
p999363,phs
p999363,plc
p999363,plh
p999363,plk
p999363,pls
p999363,ply
p999363,pnk
p999363,prc
p999363,prd
p999363,prg
p999363,prh
p999363,prk
p999363,prq
p999363,psk
p999363,psq
p999363,pvs
p999363,pwd
p999363,pyk
m131,mt
m131,mr
m131,mw
m131,mq
m131,mk
m131,mm
m131,md
m131,mn
m131,mc
m131,mg
m131,mh
m131,ml
m131,ms
m131,my
sm999,smb
sm999,smf
sm999,smh
sm999,smn
t123,tb
t123,tc
t123,tf
t123,tg
t123,th
t123,tk
t123,tl
t123,tm
t123,tn
t123,tp
t123,tq
t123,tr
t123,ts
t123,tt
t123,tw
t123,ty
999m,tm
999m,km
999m,rm
999m,sm
999m,ym
999m,cm
999m,dm
999m,gm
999m,hm
999m,lm
999m,mm
999m,nm
999m,qm
999m,wm
p999,pt
p999,pr
p999,pc
p999,pd
p999,pg
p999,ph
p999,pk
p999,pl
p999,pn
p999,pq
p999,ps
p999,pw
p999,py
m999,mt
m999,mr
m999,mw
m999,mq
m999,mk
m999,mm
m999,md
m999,mn
m999,mc
m999,mg
m999,mh
m999,ml
m999,ms
m999,my
999t,tt
999t,bt
999t,ct
999t,ft
999t,gt
999t,ht
999t,kt
999t,lt
999t,mt
999t,nt
999t,pt
999t,qt
999t,st
999t,wt
301w,tw
301w,kw
301w,rw
301w,pw
301w,sw
301w,bw
301w,cw
301w,dw
301w,fw
301w,gw
301w,hw
301w,lw
301w,mw
301w,nw
301w,yw
yt321,ytn
188mn,smn
188mn,rmn
188mn,dmn
188mn,cmn
188mn,ymn
