Numbered_Words,Matched_Words
mr999i,mrwi
s029188,sgn
s029188,skk
s029188,sml
076t,nt
076t,pt
k305,kn
k305,kw
076t,nt
076t,pt
305r,hr
305r,lr
305r,pr
312t,nt
312t,pt
p131,pt
p131,pr
p131,pd
p131,pn
p131,pp
s011,sg
s011,sh
s011,sk
s011,ss
s076,sg
s076,sh
s076,sk
s076,ss
312tt,ltt
131w,kw
131w,nw
302k,sk
302k,nk
302m,mm
302t,nt
302t,pt
100k131,skk
100k131,mkt
100k131,nkk
100k131,pkn
302d,pd
302d,pd
999r,hr
999r,lr
999r,pr
131d,pd
999kt,mkt
302t,nt
302t,pt
kr303,krs
999302t,ltt
999302t,mkt
999302t,klt
999302t,mlt
999302t,prt
kr056,krs
341p,pp
999k310r,skkr
999k310r,zkkr
kr999,krs
mr999,mrh
mr999,mrk
k999t,klt
kr999,krs
024z,mz
k999999,krs
k999999,klt
k999999,knk
k999999,kns
056nn,pnn
056nn,pnn
012t999,ltt
s332999,sgn
s332999,skk
s332999,sml
k056,kn
k056,kw
056n,kn
056n,pn
056n,mn
999t,nt
999t,pt
d013,dl
999t,nt
999t,pt
999kt,mkt
p131122,pkn
p131122,prt
p131122,pnn
p131122,pan
p131122,phs
p131122,pls
p131122,prn
p131122,psn
kr122,krs
188d,pd
302k,sk
302k,nk
302m,mm
n120,nt
n120,nw
n120,nk
s303,sg
s303,sh
s303,sk
s303,ss
086sn,psn
p999,pt
p999,pr
p999,pd
p999,pn
p999,pp
p999n,pkn
p999n,pnn
p999n,pan
p999n,prn
p999n,psn
906z,mz
301n,kn
301n,pn
301n,mn
n905,nt
n905,nw
n905,nk
p905,pt
p905,pr
p905,pd
p905,pn
p905,pp
s802,sg
s802,sh
s802,sk
s802,ss
k999574,krs
k999574,klt
k999574,knk
k999574,kns
p999363,pkn
p999363,prt
p999363,pnn
p999363,pan
p999363,phs
p999363,pls
p999363,prn
p999363,psn
m131,mm
m131,mz
m131,mn
m131,ml
s999k905,skkr
sm999,sml
999m,mm
p999,pt
p999,pr
p999,pd
p999,pn
p999,pp
m999,mm
m999,mz
m999,mn
m999,ml
999t,nt
999t,pt
301w,kw
301w,nw
999999999y,pnny
999999999y,pyny
188mn,lmn
