Numbered_Words,Matched_Words
056nd,bnd
056nd,hnd
t301,ts
t301,tt
t301,tz
s029188,sdr
s029188,srn
076t,tt
076t,it
076t,rt
301dr,sdr
k305,ke
k305,ks
076t,tt
076t,it
076t,rt
301dr,sdr
305r,br
305r,dr
305r,gr
305r,hr
305r,lr
305r,nr
305r,rr
305r,sr
305r,ur
305r,zr
312t,tt
312t,it
312t,rt
100i,bi
100i,si
r076,rt
r076,rr
r076,rd
r076,rg
r076,rl
r076,rz
s011,sr
s011,si
s011,sk
s011,sn
s076,sr
s076,si
s076,sk
s076,sn
302k,sk
302t,tt
302t,it
302t,rt
100k131,akn
302d,rd
302d,nd
sr120,srn
302d,rd
302d,nd
999r,br
999r,dr
999r,gr
999r,hr
999r,lr
999r,nr
999r,rr
999r,sr
999r,ur
999r,zr
131d,rd
131d,nd
sr303,srn
302t,tt
302t,it
302t,rt
999302t,gzt
t120,ts
t120,tt
t120,tz
024z,tz
024z,rz
024z,bz
024z,iz
024z,lz
n304p,nzp
056nn,nnn
056nn,nnn
012t999,btz
012t999,gtz
012t999,hts
012t999,htz
012t999,ntz
012t999,rtz
s332999,sdr
s332999,srn
t301,ts
t301,tt
t301,tz
k056,ke
k056,ks
056n,sn
056n,an
056n,bn
056n,dn
056n,gn
056n,in
056n,zn
999t,tt
999t,it
999t,rt
d013,dr
d013,dn
d013,dl
028120p,nzp
028120p,zzp
sr120,srn
999t,tt
999t,it
999t,rt
sr122,srn
188d,rd
188d,nd
302k,sk
sr120,srn
rt574,rtz
u049,ur
r999999579,rrin
r999999579,rrts
t021,ts
t021,tt
t021,tz
n120,nr
n120,nd
n120,nb
sr303,srn
s303,sr
s303,si
s303,sk
s303,sn
n999n,nnn
t120,ts
t120,tt
t120,tz
i301,it
i301,iz
i301,in
t709310,trr
t709310,tss
t602,ts
t602,tt
t602,tz
999dr709999,bdrtz
999dr,sdr
906z,tz
906z,rz
906z,bz
906z,iz
906z,lz
a301,an
a303,an
301n,sn
301n,an
301n,bn
301n,dn
301n,gn
301n,in
301n,zn
t999,ts
t999,tt
t999,tz
n905,nr
n905,nd
n905,nb
s802,sr
s802,si
s802,sk
s802,sn
u049,ur
076rr,trr
076rr,brr
076rr,hrr
076rr,lrr
s301r,sdr
t123,ts
t123,tt
t123,tz
999t,tt
999t,it
999t,rt
a301,an
a651,an
a652,an
a660,an
a658,an
a659,an
a655,an
a658,an
a654,an
a658,an
a655,an
a662,an
a652,an
